scenario,algorithm,weight_variant,run_id,seed,n_sensors,P_TX_max,w_E,w_R,best_fitness,n_evaluations,convergence_curve,is_valid,validation_reason,E_total,min_link_margin,network_lifetime,los_count,nlos_count,los_ratio,best_genome,elapsed_time
S1,GA,balanced,1,1,10,0.0,1.0,0.0,0.042371536145226055,5000,"[np.float64(0.24776351481348977), np.float64(0.19421397592169753), np.float64(0.19421397592169753), np.float64(0.19421397592169753), np.float64(0.19421397592169753), np.float64(0.19421397592169753), np.float64(0.13381653939490273), np.float64(0.13381653939490273), np.float64(0.13381653939490273), np.float64(0.13381653939490273), np.float64(0.13381653939490273), np.float64(0.13112074296664278), np.float64(0.12923540831280086), np.float64(0.12923540831280086), np.float64(0.12923540831280086), np.float64(0.12923540831280086), np.float64(0.12923540831280086), np.float64(0.12923540831280086), np.float64(0.12923540831280086), np.float64(0.12923540831280086), np.float64(0.11108423299585798), np.float64(0.10806608703629716), np.float64(0.09306060740895855), np.float64(0.08654658116833744), np.float64(0.08654658116833744), np.float64(0.08654658116833744), np.float64(0.08654658116833744), np.float64(0.08654658116833744), np.float64(0.08654658116833744), np.float64(0.08654658116833744), np.float64(0.08654658116833744), np.float64(0.08654658116833744), np.float64(0.08654658116833744), np.float64(0.08654658116833744), np.float64(0.08654658116833744), np.float64(0.08654658116833744), np.float64(0.08598782803001334), np.float64(0.08598782803001334), np.float64(0.06004389964696416), np.float64(0.06004389964696416), np.float64(0.06004389964696416), np.float64(0.06004389964696416), np.float64(0.046775875053535435), np.float64(0.046775875053535435), np.float64(0.046775875053535435), np.float64(0.046775875053535435), np.float64(0.046775875053535435), np.float64(0.046775875053535435), np.float64(0.046775875053535435), np.float64(0.046775875053535435), np.float64(0.046775875053535435), np.float64(0.046775875053535435), np.float64(0.046775875053535435), np.float64(0.046775875053535435), np.float64(0.046775875053535435), np.float64(0.046775875053535435), np.float64(0.046775875053535435), np.float64(0.046775875053535435), np.float64(0.046775875053535435), np.float64(0.046775875053535435), np.float64(0.046775875053535435), np.float64(0.046775875053535435), np.float64(0.046775875053535435), np.float64(0.046775875053535435), np.float64(0.046775875053535435), np.float64(0.046775875053535435), np.float64(0.046775875053535435), np.float64(0.046775875053535435), np.float64(0.046775875053535435), np.float64(0.046775875053535435), np.float64(0.046775875053535435), np.float64(0.046775875053535435), np.float64(0.042371536145226055), np.float64(0.042371536145226055), np.float64(0.042371536145226055), np.float64(0.042371536145226055), np.float64(0.042371536145226055), np.float64(0.042371536145226055), np.float64(0.042371536145226055), np.float64(0.042371536145226055), np.float64(0.042371536145226055), np.float64(0.042371536145226055), np.float64(0.042371536145226055), np.float64(0.042371536145226055), np.float64(0.042371536145226055), np.float64(0.042371536145226055), np.float64(0.042371536145226055), np.float64(0.042371536145226055), np.float64(0.042371536145226055), np.float64(0.042371536145226055), np.float64(0.042371536145226055), np.float64(0.042371536145226055), np.float64(0.042371536145226055), np.float64(0.042371536145226055), np.float64(0.042371536145226055), np.float64(0.042371536145226055), np.float64(0.042371536145226055), np.float64(0.042371536145226055), np.float64(0.042371536145226055), np.float64(0.042371536145226055)]",True,OK,0.042371536145226055,0.0,118,0,0,0.0,"[0.6199713554597021, 0.6231002549943465, 0.6240330412975659, 0.9903897772613128, 0.8884823632901524, 0.8113403731028026, 0.8182721699140787, 0.4724138357740063, 0.5753492453907283, 0.7460917865266947, 0.6388500063480658, 0.8045168164711218, 0.9928661383181779, 0.5341219889754582, 0.8215800454500684, 0.9785736072905237, 0.7376823620464283, 0.6166184491708208, 0.7210588871129836, 0.49775238177441217, 0.7963368664968505, 0.8310297409493936]",0.47341322898864746
S1,GA,balanced,2,2,10,0.0,1.0,0.0,0.05422536794483245,5000,"[np.float64(0.3195242624298097), np.float64(0.2690903525813617), np.float64(0.1159699189050506), np.float64(0.1159699189050506), np.float64(0.1159699189050506), np.float64(0.1159699189050506), np.float64(0.1159699189050506), np.float64(0.1159699189050506), np.float64(0.1159699189050506), np.float64(0.1159699189050506), np.float64(0.1159699189050506), np.float64(0.1159699189050506), np.float64(0.1159699189050506), np.float64(0.1159699189050506), np.float64(0.1159699189050506), np.float64(0.1159699189050506), np.float64(0.1159699189050506), np.float64(0.1133680796999339), np.float64(0.1133680796999339), np.float64(0.1133680796999339), np.float64(0.1133680796999339), np.float64(0.1133680796999339), np.float64(0.1133680796999339), np.float64(0.1133680796999339), np.float64(0.1133680796999339), np.float64(0.1133680796999339), np.float64(0.09292967215061462), np.float64(0.09292967215061462), np.float64(0.09292967215061462), np.float64(0.08475377010449082), np.float64(0.08475377010449082), np.float64(0.08475377010449082), np.float64(0.08475377010449082), np.float64(0.08475377010449082), np.float64(0.08475377010449082), np.float64(0.08475377010449082), np.float64(0.08475377010449082), np.float64(0.07248512800153406), np.float64(0.07248512800153406), np.float64(0.06774014269630815), np.float64(0.06774014269630815), np.float64(0.06774014269630815), np.float64(0.06774014269630815), np.float64(0.06774014269630815), np.float64(0.06774014269630815), np.float64(0.05422536794483245), np.float64(0.05422536794483245), np.float64(0.05422536794483245), np.float64(0.05422536794483245), np.float64(0.05422536794483245), np.float64(0.05422536794483245), np.float64(0.05422536794483245), np.float64(0.05422536794483245), np.float64(0.05422536794483245), np.float64(0.05422536794483245), np.float64(0.05422536794483245), np.float64(0.05422536794483245), np.float64(0.05422536794483245), np.float64(0.05422536794483245), np.float64(0.05422536794483245), np.float64(0.05422536794483245), np.float64(0.05422536794483245), np.float64(0.05422536794483245), np.float64(0.05422536794483245), np.float64(0.05422536794483245), np.float64(0.05422536794483245), np.float64(0.05422536794483245), np.float64(0.05422536794483245), np.float64(0.05422536794483245), np.float64(0.05422536794483245), np.float64(0.05422536794483245), np.float64(0.05422536794483245), np.float64(0.05422536794483245), np.float64(0.05422536794483245), np.float64(0.05422536794483245), np.float64(0.05422536794483245), np.float64(0.05422536794483245), np.float64(0.05422536794483245), np.float64(0.05422536794483245), np.float64(0.05422536794483245), np.float64(0.05422536794483245), np.float64(0.05422536794483245), np.float64(0.05422536794483245), np.float64(0.05422536794483245), np.float64(0.05422536794483245), np.float64(0.05422536794483245), np.float64(0.05422536794483245), np.float64(0.05422536794483245), np.float64(0.05422536794483245), np.float64(0.05422536794483245), np.float64(0.05422536794483245), np.float64(0.05422536794483245), np.float64(0.05422536794483245), np.float64(0.05422536794483245), np.float64(0.05422536794483245), np.float64(0.05422536794483245), np.float64(0.05422536794483245), np.float64(0.05422536794483245), np.float64(0.05422536794483245), np.float64(0.05422536794483245)]",True,OK,0.05422536794483245,0.0,92,0,0,0.0,"[0.856414716181467, 0.716103547017343, 0.9073486954613472, 0.771366779175794, 0.6803088538241719, 0.6239619361134283, 0.6793562670420206, 0.6261169200342687, 0.7260619468465435, 0.7966875263663231, 0.8854989963625112, 0.692334169682739, 0.42067327865432214, 0.9966774654750654, 0.9557103119357829, 0.6548611914732514, 0.9991005075306177, 0.980140637634024, 0.7664485766375474, 0.4605176175651632, 0.8297640867936666, 0.7567167615471116]",0.4779350757598877
S1,GA,balanced,3,3,10,0.0,1.0,0.0,0.05435327983261844,5000,"[np.float64(0.2987125691399616), np.float64(0.21448586726682595), np.float64(0.21448586726682595), np.float64(0.21448586726682595), np.float64(0.15869492498122872), np.float64(0.15869492498122872), np.float64(0.15869492498122872), np.float64(0.15869492498122872), np.float64(0.15869492498122872), np.float64(0.15869492498122872), np.float64(0.15869492498122872), np.float64(0.14504414526950765), np.float64(0.1390182121558588), np.float64(0.09914560887658755), np.float64(0.09914560887658755), np.float64(0.09914560887658755), np.float64(0.09914560887658755), np.float64(0.09914560887658755), np.float64(0.08981974153156438), np.float64(0.08981974153156438), np.float64(0.08981974153156438), np.float64(0.08981974153156438), np.float64(0.08981974153156438), np.float64(0.08981974153156438), np.float64(0.08981974153156438), np.float64(0.08981974153156438), np.float64(0.08981974153156438), np.float64(0.08981974153156438), np.float64(0.08981974153156438), np.float64(0.08981974153156438), np.float64(0.08981974153156438), np.float64(0.08981974153156438), np.float64(0.08981974153156438), np.float64(0.08981974153156438), np.float64(0.08981974153156438), np.float64(0.08981974153156438), np.float64(0.08981974153156438), np.float64(0.08981974153156438), np.float64(0.08981974153156438), np.float64(0.08981974153156438), np.float64(0.08981974153156438), np.float64(0.08981974153156438), np.float64(0.08981974153156438), np.float64(0.08981974153156438), np.float64(0.08981974153156438), np.float64(0.08981974153156438), np.float64(0.08981974153156438), np.float64(0.08981974153156438), np.float64(0.08165919608034988), np.float64(0.08165919608034988), np.float64(0.05435327983261844), np.float64(0.05435327983261844), np.float64(0.05435327983261844), np.float64(0.05435327983261844), np.float64(0.05435327983261844), np.float64(0.05435327983261844), np.float64(0.05435327983261844), np.float64(0.05435327983261844), np.float64(0.05435327983261844), np.float64(0.05435327983261844), np.float64(0.05435327983261844), np.float64(0.05435327983261844), np.float64(0.05435327983261844), np.float64(0.05435327983261844), np.float64(0.05435327983261844), np.float64(0.05435327983261844), np.float64(0.05435327983261844), np.float64(0.05435327983261844), np.float64(0.05435327983261844), np.float64(0.05435327983261844), np.float64(0.05435327983261844), np.float64(0.05435327983261844), np.float64(0.05435327983261844), np.float64(0.05435327983261844), np.float64(0.05435327983261844), np.float64(0.05435327983261844), np.float64(0.05435327983261844), np.float64(0.05435327983261844), np.float64(0.05435327983261844), np.float64(0.05435327983261844), np.float64(0.05435327983261844), np.float64(0.05435327983261844), np.float64(0.05435327983261844), np.float64(0.05435327983261844), np.float64(0.05435327983261844), np.float64(0.05435327983261844), np.float64(0.05435327983261844), np.float64(0.05435327983261844), np.float64(0.05435327983261844), np.float64(0.05435327983261844), np.float64(0.05435327983261844), np.float64(0.05435327983261844), np.float64(0.05435327983261844), np.float64(0.05435327983261844), np.float64(0.05435327983261844), np.float64(0.05435327983261844), np.float64(0.05435327983261844), np.float64(0.05435327983261844), np.float64(0.05435327983261844), np.float64(0.05435327983261844)]",True,OK,0.05435327983261844,0.0,91,0,0,0.0,"[0.5641241942677044, 0.49757033687396635, 0.7825505065218684, 0.927129396804321, 0.6279895766824555, 0.7480924826220984, 0.6422456241118958, 0.8170766272959437, 0.43793057576249605, 0.5654173892806365, 0.8775956340011977, 0.8996570717287424, 0.5269138737249446, 0.5808688538836061, 0.5886559942352196, 0.588304675244954, 0.908104066629083, 0.6661380838250224, 0.830165521002542, 0.993031298822905, 0.8028322322940897, 0.8160363835952568]",0.4690568447113037
S1,PSO,balanced,1,1,10,0.0,1.0,0.0,0.010774856584075196,5000,"[np.float64(0.2889830809956001), np.float64(0.26128996147603795), np.float64(0.1891911988400035), np.float64(0.17635911254794956), np.float64(0.15497460223941223), np.float64(0.11251239453630998), np.float64(0.09530652441202592), np.float64(0.0787931499862071), np.float64(0.0664130951021037), np.float64(0.0573671040482223), np.float64(0.0407257078788304), np.float64(0.03795553109183304), np.float64(0.030831999682915383), np.float64(0.027900816403631366), np.float64(0.025392898073490572), np.float64(0.02374111313188002), np.float64(0.02229150599152742), np.float64(0.02132555795779436), np.float64(0.020490185958557647), np.float64(0.01915633646267569), np.float64(0.018979377187578743), np.float64(0.01793258924215315), np.float64(0.01746669163149968), np.float64(0.016793233835844613), np.float64(0.015739829222461813), np.float64(0.015091764045989421), np.float64(0.014366510798018125), np.float64(0.013841477807612114), np.float64(0.01352209154969677), np.float64(0.013196010105587647), np.float64(0.013017412689863471), np.float64(0.01278003580807113), np.float64(0.012621142534341358), np.float64(0.012395201171567751), np.float64(0.012315786878366038), np.float64(0.012107401965328278), np.float64(0.011975081278461067), np.float64(0.011822023449336225), np.float64(0.011686314476805612), np.float64(0.01156558093775164), np.float64(0.011461278699689534), np.float64(0.01134736425580523), np.float64(0.011280804642910258), np.float64(0.011239562085766163), np.float64(0.011183824095949412), np.float64(0.01114386973021611), np.float64(0.011095787267171729), np.float64(0.011061754793329943), np.float64(0.011025361924067452), np.float64(0.010993964409205668), np.float64(0.010968821371544252), np.float64(0.010947506204891776), np.float64(0.010924392678582633), np.float64(0.010905163701111855), np.float64(0.010888606136997898), np.float64(0.01086979661738105), np.float64(0.010851500705043182), np.float64(0.01083472368004089), np.float64(0.010821788356681229), np.float64(0.010813678196515632), np.float64(0.010809555519098915), np.float64(0.01080788669401286), np.float64(0.010806300799963253), np.float64(0.01080443549539141), np.float64(0.010802034741308933), np.float64(0.010799327585108839), np.float64(0.010796897633307032), np.float64(0.010794022591710042), np.float64(0.010791516221897083), np.float64(0.010788741442077848), np.float64(0.010786675000875587), np.float64(0.010784145836693241), np.float64(0.010781646190224576), np.float64(0.0107799165039823), np.float64(0.010777912292063157), np.float64(0.010776430602380017), np.float64(0.010775517254092044), np.float64(0.01077524278386985), np.float64(0.010775228113028085), np.float64(0.010775196953018477), np.float64(0.010775170481251536), np.float64(0.010775125397588209), np.float64(0.01077507095194833), np.float64(0.010775039309034205), np.float64(0.010775013381602099), np.float64(0.010774999705536397), np.float64(0.010774988071446355), np.float64(0.010774979437467944), np.float64(0.01077497192545356), np.float64(0.0107749613629987), np.float64(0.010774951936496541), np.float64(0.010774944227146135), np.float64(0.010774934515343015), np.float64(0.010774922950542283), np.float64(0.010774913942540352), np.float64(0.010774904594609638), np.float64(0.010774892870504562), np.float64(0.010774882869217857), np.float64(0.010774870486573263), np.float64(0.010774856584075196)]",True,OK,0.010774856584075196,0.0,464,0,0,0.0,"[0.7156845099303597, 0.8522029761503092, 0.848799101605262, 0.7631777171382859, 0.8030769292495082, 0.8792177766787079, 0.9454755209457519, 0.7715050199095403, 0.8604550156082851, 0.7474132836341664, 0.9305376167923526, 0.8554119276195701, 0.8050984994988479, 0.8854744990239859, 0.9256817004461388, 0.7002808905183006, 0.7484953615426638, 0.7691944187380992, 0.9081549826540644, 0.902858554743878, 0.907978439033378, 0.8556307432182634]",0.3964958190917969
S1,PSO,balanced,2,2,10,0.0,1.0,0.0,0.01104516973773101,5000,"[np.float64(0.22296466516253138), np.float64(0.14322766636784803), np.float64(0.1282682483376659), np.float64(0.10458327810373619), np.float64(0.08008916477975939), np.float64(0.08008916477975939), np.float64(0.07250603417393718), np.float64(0.05750046946162763), np.float64(0.04875389690656122), np.float64(0.04106726897381906), np.float64(0.03494639662051667), np.float64(0.030531837289754702), np.float64(0.026023040339469755), np.float64(0.024769022753935367), np.float64(0.023566460105894235), np.float64(0.021965730899117027), np.float64(0.02142398872232995), np.float64(0.020344031583543747), np.float64(0.01902932491109034), np.float64(0.018145687605364176), np.float64(0.017311794609859918), np.float64(0.016880478389486808), np.float64(0.016394218189532676), np.float64(0.015978657154082244), np.float64(0.01527449883911765), np.float64(0.014891443326224003), np.float64(0.014624704939423557), np.float64(0.014039861727772808), np.float64(0.013731930809777502), np.float64(0.013365639987653766), np.float64(0.013124770247232673), np.float64(0.012866240422268967), np.float64(0.012657475080851927), np.float64(0.012433859244828888), np.float64(0.012211458293005661), np.float64(0.012157968149143994), np.float64(0.01208687209538065), np.float64(0.012008338890283732), np.float64(0.011923721962848362), np.float64(0.011884977677909782), np.float64(0.01180920826930828), np.float64(0.011763266204993628), np.float64(0.011728283897356872), np.float64(0.011678348031227612), np.float64(0.011636443227887552), np.float64(0.01161187177341545), np.float64(0.011580018540568263), np.float64(0.011550626365229345), np.float64(0.011528009263819075), np.float64(0.011496474392583361), np.float64(0.011472184421415912), np.float64(0.011450971065449938), np.float64(0.01142958890577587), np.float64(0.011398441209173972), np.float64(0.011367218832060145), np.float64(0.011325722848742309), np.float64(0.011286879005300333), np.float64(0.011261476501809725), np.float64(0.011239767904529203), np.float64(0.01121928393197398), np.float64(0.011202834058841676), np.float64(0.011187549135159312), np.float64(0.011166063811216652), np.float64(0.011155771369109356), np.float64(0.011139253165736903), np.float64(0.011138375361186956), np.float64(0.011136302731619224), np.float64(0.011132683982082673), np.float64(0.01113043524471204), np.float64(0.011127654436516563), np.float64(0.01112510482245397), np.float64(0.011121635655484718), np.float64(0.011119244464327306), np.float64(0.011117211184960854), np.float64(0.01111476443851668), np.float64(0.011112736942291375), np.float64(0.011110640705444482), np.float64(0.011107949987613523), np.float64(0.011105222567998365), np.float64(0.011102464479767952), np.float64(0.011099874291188366), np.float64(0.011097454509205457), np.float64(0.011094794980447749), np.float64(0.011092092632421287), np.float64(0.011089005038942341), np.float64(0.011085840256011937), np.float64(0.011083404301942228), np.float64(0.011080462172595312), np.float64(0.011077402207248614), np.float64(0.011074108233155591), np.float64(0.011071059288314544), np.float64(0.011068285036297205), np.float64(0.011065964783432771), np.float64(0.011063071587699312), np.float64(0.011060731580787908), np.float64(0.011058489913943082), np.float64(0.011055839560720256), np.float64(0.011052264923622384), np.float64(0.011048494729606815), np.float64(0.01104516973773101)]",True,OK,0.01104516973773101,0.0,452,0,0,0.0,"[0.730368132465867, 0.8870863919051174, 0.6630502978455217, 0.8463411186219836, 0.7706590052242367, 0.9480074413279127, 0.8938559663030067, 0.7520329536616281, 0.7017786239808568, 0.9073942512899921, 0.8128081492907107, 0.8571166928931963, 0.7333981577772519, 0.8837485470900013, 0.8077664794132765, 0.9117558233315276, 0.6996388660538794, 0.9197350711680489, 0.9000313110273431, 0.7734046908322348, 0.8479575090690662, 0.9153340885477163]",0.4010128974914551
S1,PSO,balanced,3,3,10,0.0,1.0,0.0,0.014513533985929104,5000,"[np.float64(0.21077057491300039), np.float64(0.17371273480359067), np.float64(0.1368018687943033), np.float64(0.12408217841108093), np.float64(0.12408217841108093), np.float64(0.10542390631412552), np.float64(0.08788378708783838), np.float64(0.07146831320602617), np.float64(0.06107545733401606), np.float64(0.05269777176498296), np.float64(0.04564225937808761), np.float64(0.039952359526037165), np.float64(0.03539196348332409), np.float64(0.030952131697730367), np.float64(0.02841688828369597), np.float64(0.026026460597113207), np.float64(0.024443638403145625), np.float64(0.023494756832083685), np.float64(0.022345121900692003), np.float64(0.02155897001780904), np.float64(0.020862493276969825), np.float64(0.020302355985169298), np.float64(0.019778043854297073), np.float64(0.019063890671333877), np.float64(0.01856371973021878), np.float64(0.018150073321486104), np.float64(0.017642770616698833), np.float64(0.017336534384207215), np.float64(0.017074396619145095), np.float64(0.016804876263113562), np.float64(0.01661783596948), np.float64(0.01643182647618803), np.float64(0.016299239265618545), np.float64(0.016196875925022173), np.float64(0.01608756194130217), np.float64(0.015967821210585313), np.float64(0.0158772394070129), np.float64(0.015764074382494303), np.float64(0.01568471729283043), np.float64(0.015594060422177564), np.float64(0.015519228051427488), np.float64(0.01544705799858102), np.float64(0.0153733391282132), np.float64(0.015309221348004966), np.float64(0.015235321923627206), np.float64(0.0151690499103029), np.float64(0.015095777688927569), np.float64(0.015031238406457634), np.float64(0.014976680171766402), np.float64(0.014904208353182138), np.float64(0.01483912430358602), np.float64(0.014801161205688269), np.float64(0.014772001858531485), np.float64(0.014752151045600776), np.float64(0.01472677331566788), np.float64(0.014700203763325755), np.float64(0.014676449678558311), np.float64(0.014654252891937804), np.float64(0.014631283945085784), np.float64(0.01460985939309347), np.float64(0.014590589915907025), np.float64(0.014573615488937866), np.float64(0.014553589274155718), np.float64(0.01454052438721911), np.float64(0.014529622641158212), np.float64(0.014520928507441171), np.float64(0.014517668808118809), np.float64(0.014517180861856393), np.float64(0.014517162032575408), np.float64(0.014517133330924623), np.float64(0.014517078790963481), np.float64(0.01451701332547221), np.float64(0.014516945704329747), np.float64(0.0145168528564724), np.float64(0.014516775163413341), np.float64(0.014516688107616506), np.float64(0.014516610138786943), np.float64(0.014516542553153208), np.float64(0.014516465947040782), np.float64(0.014516381912498783), np.float64(0.014516277757602458), np.float64(0.01451616440580699), np.float64(0.014516023068421521), np.float64(0.014515895470096733), np.float64(0.014515777571506495), np.float64(0.014515648787337715), np.float64(0.014515548221350087), np.float64(0.014515390640608597), np.float64(0.014515241014865492), np.float64(0.014515095130866738), np.float64(0.014514947987229201), np.float64(0.014514802757913742), np.float64(0.014514669966428747), np.float64(0.014514504349055574), np.float64(0.014514373381771084), np.float64(0.01451420132609969), np.float64(0.014514018999054325), np.float64(0.014513855638057255), np.float64(0.014513699674029393), np.float64(0.014513533985929104)]",True,OK,0.014513533985929104,0.0,344,0,0,0.0,"[0.8509427514941266, 0.8524999736876295, 0.8007286862300695, 0.9044464349823947, 0.7531143191329422, 0.6422414289822252, 0.816837721305589, 0.7447731068917551, 0.6463061847887862, 0.8685473694397157, 0.8616056024968202, 0.7211962673260618, 0.8509706650633702, 0.721401627948883, 0.7441031990808354, 0.9040774902405255, 0.8739677787039, 0.7135125987166243, 0.6167279499557619, 0.8827140666712149, 0.850733727944589, 0.8893587391510374]",0.4002399444580078
S2,GA,balanced,1,1,50,0.0,1.0,0.0,1.0607630554993714,5000,"[np.float64(2.209438128453049), np.float64(2.070825288176493), np.float64(2.0635606602427), np.float64(1.8853126605751047), np.float64(1.5664721700042468), np.float64(1.5664721700042468), np.float64(1.5664721700042468), np.float64(1.5664721700042468), np.float64(1.5664721700042468), np.float64(1.5650574099106782), np.float64(1.5650574099106782), np.float64(1.5650574099106782), np.float64(1.5650574099106782), np.float64(1.3981073871567518), np.float64(1.362970574659025), np.float64(1.362970574659025), np.float64(1.362970574659025), np.float64(1.3399524346454825), np.float64(1.3399524346454825), np.float64(1.2835723688803988), np.float64(1.2835723688803988), np.float64(1.2835723688803988), np.float64(1.2835723688803988), np.float64(1.2835723688803988), np.float64(1.2835723688803988), np.float64(1.2835723688803988), np.float64(1.2835723688803988), np.float64(1.0673756419196394), np.float64(1.0673756419196394), np.float64(1.0673756419196394), np.float64(1.0673756419196394), np.float64(1.0673756419196394), np.float64(1.0673756419196394), np.float64(1.0673756419196394), np.float64(1.0673756419196394), np.float64(1.0673756419196394), np.float64(1.0673756419196394), np.float64(1.0673756419196394), np.float64(1.0673756419196394), np.float64(1.0673756419196394), np.float64(1.0673756419196394), np.float64(1.0673756419196394), np.float64(1.0673756419196394), np.float64(1.0673756419196394), np.float64(1.0673756419196394), np.float64(1.0673756419196394), np.float64(1.0673756419196394), np.float64(1.0673756419196394), np.float64(1.0673756419196394), np.float64(1.0673756419196394), np.float64(1.0673756419196394), np.float64(1.0673756419196394), np.float64(1.0673756419196394), np.float64(1.0673756419196394), np.float64(1.0673756419196394), np.float64(1.0673756419196394), np.float64(1.0673756419196394), np.float64(1.0673756419196394), np.float64(1.0673756419196394), np.float64(1.0673756419196394), np.float64(1.0673756419196394), np.float64(1.0673756419196394), np.float64(1.0673756419196394), np.float64(1.0673756419196394), np.float64(1.0673756419196394), np.float64(1.0673756419196394), np.float64(1.0673756419196394), np.float64(1.0673756419196394), np.float64(1.0673756419196394), np.float64(1.0607630554993714), np.float64(1.0607630554993714), np.float64(1.0607630554993714), np.float64(1.0607630554993714), np.float64(1.0607630554993714), np.float64(1.0607630554993714), np.float64(1.0607630554993714), np.float64(1.0607630554993714), np.float64(1.0607630554993714), np.float64(1.0607630554993714), np.float64(1.0607630554993714), np.float64(1.0607630554993714), np.float64(1.0607630554993714), np.float64(1.0607630554993714), np.float64(1.0607630554993714), np.float64(1.0607630554993714), np.float64(1.0607630554993714), np.float64(1.0607630554993714), np.float64(1.0607630554993714), np.float64(1.0607630554993714), np.float64(1.0607630554993714), np.float64(1.0607630554993714), np.float64(1.0607630554993714), np.float64(1.0607630554993714), np.float64(1.0607630554993714), np.float64(1.0607630554993714), np.float64(1.0607630554993714), np.float64(1.0607630554993714), np.float64(1.0607630554993714), np.float64(1.0607630554993714), np.float64(1.0607630554993714)]",True,OK,1.0607630554993714,0.0,23,0,0,0.0,"[0.5332887683085131, 0.8508394538155284, 0.1561595441402458, 0.9949477400142799, 0.41617978510254616, 0.8776848501007289, 0.9061088835524601, 0.2133770863441563, 0.836563015084393, 0.6233812915359302, 0.4150627448087074, 0.8041098885296558, 0.9121768702899139, 0.43789087580632313, 0.577169838376017, 0.35446477524881526, 0.514881016548428, 0.4011118590475786, 0.7061582888285268, 0.9095427247687385, 0.35324729084857076, 0.8664016648733242, 0.12593950906004803, 0.9887636707011375, 0.17437581045790573, 0.85271711826454, 0.5106256238980073, 0.40695579140720894, 0.759370252467495, 0.09762485340272586, 0.3618972496009897, 0.7251731067508783, 0.8838241815594714, 0.5375404232368717, 0.9321389364766861, 0.7488619667405131, 0.30146271829557336, 0.8422634678691129, 0.8615435507357504, 0.7725409703610481, 0.6676032467966779, 0.48853070876836535, 0.7727909021662037, 0.990411375099599, 0.9533513580597436, 0.5239550095523398, 0.18186343429479823, 0.6730252675218278, 0.28927536693328193, 0.6721356962540619, 0.47990283656916255, 0.30566024932372127, 0.39636999577295606, 0.6738117620534074, 0.69113695819867, 0.44728290852575325, 0.9434132564994291, 0.5494123119097253, 0.6134152726588095, 0.7343927176531891, 0.28574997919278333, 0.5747206243977991, 0.6579380312374798, 0.07935345641776992, 0.43577111074518404, 0.489859219683349, 0.8272340083235066, 0.8464251496398918, 0.9848673613127821, 0.31554505500387664, 0.494478575975835, 0.812788889033856, 0.3632246840607133, 0.5732709751582798, 0.7300814850119954, 0.33635056919417305, 0.45121860743747044, 0.6328567499919397, 0.914596368223791, 0.6707978875279511, 0.23312470092951465, 0.8115258888721121, 0.34999986894983826, 0.6639596714465458, 0.2677935316171117, 0.894863701204579, 0.34101634646488177, 0.5999149948167325, 0.9619678536512174, 0.7009218215816334, 0.6599438577361049, 0.6804103800387635, 0.3128619552136963, 0.343999093163892, 0.6039001360749287, 0.14986029355921127, 0.20689869729311305, 0.7822962805471105, 0.5090424553217342, 0.9020090605540884, 0.671073989141609, 0.7751131001656373]",1.4329359531402588
S2,GA,balanced,2,2,50,0.0,1.0,0.0,0.9785999597262471,5000,"[np.float64(1.4143670396600068), np.float64(1.4143670396600068), np.float64(1.4143670396600068), np.float64(1.4143670396600068), np.float64(1.4143670396600068), np.float64(1.4143670396600068), np.float64(1.4143670396600068), np.float64(1.4143670396600068), np.float64(1.4143670396600068), np.float64(1.2979231204317114), np.float64(1.2979231204317114), np.float64(1.2979231204317114), np.float64(1.2979231204317114), np.float64(1.2979231204317114), np.float64(1.2979231204317114), np.float64(1.2979231204317114), np.float64(1.1603884469413366), np.float64(1.1603884469413366), np.float64(1.1603884469413366), np.float64(1.1603884469413366), np.float64(1.1603884469413366), np.float64(1.1603884469413366), np.float64(1.1603884469413366), np.float64(1.1603884469413366), np.float64(1.1603884469413366), np.float64(1.1603884469413366), np.float64(1.1603884469413366), np.float64(1.1603884469413366), np.float64(1.1603884469413366), np.float64(1.1603884469413366), np.float64(1.1529222225913314), np.float64(1.1529222225913314), np.float64(1.1529222225913314), np.float64(1.1529222225913314), np.float64(1.1529222225913314), np.float64(1.1529222225913314), np.float64(1.1529222225913314), np.float64(1.1529222225913314), np.float64(1.1529222225913314), np.float64(1.1529222225913314), np.float64(1.1529222225913314), np.float64(1.1529222225913314), np.float64(1.1529222225913314), np.float64(1.1529222225913314), np.float64(1.1529222225913314), np.float64(1.1529222225913314), np.float64(1.1529222225913314), np.float64(1.1529222225913314), np.float64(1.1529222225913314), np.float64(0.9785999597262471), np.float64(0.9785999597262471), np.float64(0.9785999597262471), np.float64(0.9785999597262471), np.float64(0.9785999597262471), np.float64(0.9785999597262471), np.float64(0.9785999597262471), np.float64(0.9785999597262471), np.float64(0.9785999597262471), np.float64(0.9785999597262471), np.float64(0.9785999597262471), np.float64(0.9785999597262471), np.float64(0.9785999597262471), np.float64(0.9785999597262471), np.float64(0.9785999597262471), np.float64(0.9785999597262471), np.float64(0.9785999597262471), np.float64(0.9785999597262471), np.float64(0.9785999597262471), np.float64(0.9785999597262471), np.float64(0.9785999597262471), np.float64(0.9785999597262471), np.float64(0.9785999597262471), np.float64(0.9785999597262471), np.float64(0.9785999597262471), np.float64(0.9785999597262471), np.float64(0.9785999597262471), np.float64(0.9785999597262471), np.float64(0.9785999597262471), np.float64(0.9785999597262471), np.float64(0.9785999597262471), np.float64(0.9785999597262471), np.float64(0.9785999597262471), np.float64(0.9785999597262471), np.float64(0.9785999597262471), np.float64(0.9785999597262471), np.float64(0.9785999597262471), np.float64(0.9785999597262471), np.float64(0.9785999597262471), np.float64(0.9785999597262471), np.float64(0.9785999597262471), np.float64(0.9785999597262471), np.float64(0.9785999597262471), np.float64(0.9785999597262471), np.float64(0.9785999597262471), np.float64(0.9785999597262471), np.float64(0.9785999597262471), np.float64(0.9785999597262471), np.float64(0.9785999597262471), np.float64(0.9785999597262471), np.float64(0.9785999597262471)]",True,OK,0.9785999597262471,0.0,25,0,0,0.0,"[0.6484421496825056, 0.6086047330702473, 0.8736415679890788, 0.33724044600112135, 0.5455642097965017, 0.23595854112722903, 0.7613953959523838, 0.8374157008034686, 0.6933509817000505, 0.25261987309885936, 0.7714993099505584, 0.2813057826760642, 0.4379349248618172, 0.6872171757092398, 0.5461952647809752, 0.8197546353370476, 0.5252845643160339, 0.9678431448442588, 0.7227715005113726, 0.9378091287710882, 0.8092798249512793, 0.5400352732663385, 0.6339586505146941, 0.48472342947182756, 0.1855363730927495, 0.7987442746632295, 0.2121500900486214, 0.4202922553548143, 0.6227280594798966, 0.6474691546770062, 0.5148585051910961, 0.7569952809684487, 0.5191877977661196, 0.6145932764732145, 0.40203363177810925, 0.7194952205449944, 0.9295837455609584, 0.3520590197683008, 0.43327757592108407, 0.7009925533690677, 0.5744353636835012, 0.9499693956562552, 0.44067171103016967, 0.9139663256404897, 0.6036628447728813, 0.7548397144283983, 0.25246146236508193, 0.18110236007971237, 0.2736630938371366, 0.6034192501358717, 0.7132426143909059, 0.41220454788127325, 0.5129001604256567, 0.6269105639362745, 0.5595041731927999, 0.3508828816036652, 0.7644341339280916, 0.24857425395558896, 0.4374513271182553, 0.7705156899290154, 0.8621941580025562, 0.1140074687082493, 0.9249886832818018, 0.7568166763009514, 0.5023149509764584, 0.891465800046347, 0.8997699826767545, 0.5952018222800718, 0.180435590763649, 0.573990807097867, 0.67286644736147, 0.825430379518052, 0.29742165894963757, 0.7690939731701776, 0.5255165519848989, 0.7312589799460197, 0.3163119880618598, 0.987573297143836, 0.88927272448919, 0.9753114329376681, 0.79190053591292, 0.5180249626539509, 0.9090777169612596, 0.787533201705056, 0.2253480750708894, 0.48370108321902194, 0.3995837328210624, 0.28621935935904874, 0.3631232112611543, 0.685987746062929, 0.6672028147657709, 0.6607556338751417, 0.22603646470446548, 0.5453028312055592, 0.7795044574042468, 0.5731122055903796, 0.7461664645608801, 0.5574491703213402, 0.34244198889541844, 0.8518067872630103, 0.690298614319194, 0.7155931639646139]",1.439410924911499
S2,GA,balanced,3,3,50,0.0,1.0,0.0,0.9374795303854793,5000,"[np.float64(2.281366639362547), np.float64(2.022950940292116), np.float64(1.8806423763725209), np.float64(1.8224851829336597), np.float64(1.7911160588322783), np.float64(1.7911160588322783), np.float64(1.6519754943297182), np.float64(1.4226648792674967), np.float64(1.4226648792674967), np.float64(1.4226648792674967), np.float64(1.4226648792674967), np.float64(1.4226648792674967), np.float64(1.4226648792674967), np.float64(1.4226648792674967), np.float64(1.4226648792674967), np.float64(1.4226648792674967), np.float64(1.3761921016316685), np.float64(1.3761921016316685), np.float64(1.3761921016316685), np.float64(1.3761921016316685), np.float64(1.37302779223343), np.float64(1.37302779223343), np.float64(1.37302779223343), np.float64(1.3037079204294604), np.float64(1.3037079204294604), np.float64(1.3037079204294604), np.float64(1.2361575962989702), np.float64(1.1630415427836402), np.float64(1.1630415427836402), np.float64(1.1630415427836402), np.float64(1.1630415427836402), np.float64(1.1630415427836402), np.float64(1.1630415427836402), np.float64(1.1630415427836402), np.float64(1.1630415427836402), np.float64(1.1630415427836402), np.float64(1.1630415427836402), np.float64(1.1630415427836402), np.float64(1.1630415427836402), np.float64(1.1630415427836402), np.float64(1.1630415427836402), np.float64(1.081968750679621), np.float64(1.081968750679621), np.float64(1.081968750679621), np.float64(1.081968750679621), np.float64(1.081968750679621), np.float64(1.081968750679621), np.float64(1.081968750679621), np.float64(1.081968750679621), np.float64(1.081968750679621), np.float64(1.081968750679621), np.float64(1.081968750679621), np.float64(1.081968750679621), np.float64(1.0277059274203426), np.float64(1.0065434278386758), np.float64(1.0065434278386758), np.float64(1.0065434278386758), np.float64(1.0065434278386758), np.float64(1.0065434278386758), np.float64(1.0065434278386758), np.float64(1.0065434278386758), np.float64(1.0065434278386758), np.float64(1.0065434278386758), np.float64(1.0065434278386758), np.float64(1.0065434278386758), np.float64(1.0065434278386758), np.float64(1.0065434278386758), np.float64(1.0065434278386758), np.float64(1.0065434278386758), np.float64(1.0065434278386758), np.float64(1.0065434278386758), np.float64(1.0065434278386758), np.float64(1.0065434278386758), np.float64(1.0065434278386758), np.float64(1.0065434278386758), np.float64(1.0065434278386758), np.float64(1.0065434278386758), np.float64(1.0065434278386758), np.float64(1.0065434278386758), np.float64(1.0065434278386758), np.float64(1.0065434278386758), np.float64(1.0065434278386758), np.float64(1.0065434278386758), np.float64(1.0065434278386758), np.float64(1.0065434278386758), np.float64(1.0065434278386758), np.float64(1.0065434278386758), np.float64(1.0065434278386758), np.float64(1.0065434278386758), np.float64(1.0065434278386758), np.float64(1.0065434278386758), np.float64(1.0065434278386758), np.float64(1.0065434278386758), np.float64(0.9374795303854793), np.float64(0.9374795303854793), np.float64(0.9374795303854793), np.float64(0.9374795303854793), np.float64(0.9374795303854793), np.float64(0.9374795303854793), np.float64(0.9374795303854793)]",True,OK,0.9374795303854793,0.0,26,0,0,0.0,"[0.3805130702949394, 0.9398298076294993, 0.7167943978638519, 0.9268324412604244, 0.9125892257680811, 0.6426796330941726, 0.9783038133858181, 0.5785904431952543, 0.404453597970293, 0.639552971636751, 0.8305922017726305, 0.925249622626294, 0.25674015481669266, 0.9422087025808307, 0.6334423010539803, 0.3454638755206252, 0.3635505291927288, 0.5002532060097671, 0.6970175241037526, 0.45913707803938386, 0.8582214633282751, 0.29637203311334226, 0.6499702525438454, 0.6991318887469004, 0.8629189469218334, 0.8674996189823141, 0.9317688443242643, 0.1339690942256243, 0.8787552249832479, 0.29210599142202753, 0.5851477286549839, 0.4170224233849912, 0.3027829915237664, 0.5372904953688301, 0.6433753772064559, 0.9310692785336185, 0.9001594854285746, 0.17810535265224514, 0.9540593560708546, 0.26187227038048866, 0.9435853857432033, 0.5001485452940414, 0.8676808494891713, 0.5251622842443145, 0.9572747106323355, 0.5613400455312255, 0.9691213769558893, 0.4781741260612147, 0.9890094033115094, 0.34438081473409654, 0.4310491666675591, 0.604544284672694, 0.9332950553316965, 0.3479960263773564, 0.8877334111151515, 0.2940498029951054, 0.7384633490177217, 0.7465469459374975, 0.924239161381316, 0.49756994076169925, 0.5913901971545289, 0.4839890522643394, 0.969132357915852, 0.5260805098715919, 0.8777903384757643, 0.633928508033612, 0.5254023846011122, 0.19718905627602923, 0.7280212112459316, 0.5786290655007018, 0.8074266456195335, 0.48504992100113264, 0.6062789242698953, 0.9873327159100341, 0.37034995882147326, 0.5393497115735413, 0.8584485237117432, 0.3742276696896796, 0.046563799184132226, 0.9667734520260696, 0.8947592831758485, 0.67324013002329, 0.7433560510563713, 0.6689375167233904, 0.934514062660465, 0.46934496962621153, 0.7655482716408997, 0.31990306139348945, 0.6803527354911728, 0.802811998190588, 0.2729884625920599, 0.9875324303482171, 0.4362487905628254, 0.5803071019524344, 0.7752688384131654, 0.45033047777348834, 0.9133521950295576, 0.5731027998064195, 0.6452751799846468, 0.13053990807914018, 0.761343374642358, 0.6693012724112513]",1.4370989799499512
S2,PSO,balanced,1,1,50,0.0,1.0,0.0,0.3895085080549023,5000,"[np.float64(1.4559129098764807), np.float64(1.2923253059091093), np.float64(0.980791075147009), np.float64(0.980791075147009), np.float64(0.9703571273004945), np.float64(0.8581217717139371), np.float64(0.7772271554511474), np.float64(0.7086039181834098), np.float64(0.7086039181834098), np.float64(0.6752186963415956), np.float64(0.6296588056858334), np.float64(0.61460993579624), np.float64(0.5892590539421079), np.float64(0.5702776767224713), np.float64(0.568292764785955), np.float64(0.5481183744576488), np.float64(0.518064469862482), np.float64(0.5107021298477569), np.float64(0.4996732360201864), np.float64(0.47782775227395646), np.float64(0.4697964813855654), np.float64(0.4615509113240066), np.float64(0.4504726772921806), np.float64(0.4398623191030814), np.float64(0.4321413557493796), np.float64(0.42662150901028656), np.float64(0.4219134848374011), np.float64(0.41866328588074564), np.float64(0.4162143707185366), np.float64(0.4135937595572756), np.float64(0.41241130068998716), np.float64(0.41023301907347454), np.float64(0.40842089403495424), np.float64(0.40655872144446314), np.float64(0.4051252292166396), np.float64(0.40376596639034157), np.float64(0.4021375335802287), np.float64(0.40117240721637615), np.float64(0.39988795958808687), np.float64(0.39876125244778654), np.float64(0.3979848859445457), np.float64(0.39702888373986295), np.float64(0.3963705180749282), np.float64(0.3956062413382804), np.float64(0.3949446582958079), np.float64(0.3944806476457742), np.float64(0.3939913599820376), np.float64(0.39365618329777485), np.float64(0.3933162032633898), np.float64(0.3929007266802876), np.float64(0.39263286862561836), np.float64(0.392401520618967), np.float64(0.3921665224819141), np.float64(0.39196842238551916), np.float64(0.39179646400186074), np.float64(0.3915350137216715), np.float64(0.3913554315371054), np.float64(0.39116566850887813), np.float64(0.390956883984406), np.float64(0.3907422831602311), np.float64(0.3905678380188644), np.float64(0.39040341238442144), np.float64(0.3902469518292524), np.float64(0.39014133568852494), np.float64(0.3900365014627494), np.float64(0.3899516331228342), np.float64(0.38985015016979047), np.float64(0.38975249337394946), np.float64(0.3897097839579644), np.float64(0.3896725275867063), np.float64(0.3896365566871009), np.float64(0.3896051344766668), np.float64(0.38957926964254824), np.float64(0.3895550558317835), np.float64(0.38953733762741427), np.float64(0.3895235012215006), np.float64(0.3895154646056178), np.float64(0.38951227767859553), np.float64(0.38951198559937755), np.float64(0.38951188818547006), np.float64(0.38951180176902606), np.float64(0.3895116339055481), np.float64(0.389511401669399), np.float64(0.3895111980255377), np.float64(0.38951102428220263), np.float64(0.3895108074834116), np.float64(0.3895105500372035), np.float64(0.3895104167876059), np.float64(0.38951022917309663), np.float64(0.3895100676922808), np.float64(0.3895098916551949), np.float64(0.38950976830555806), np.float64(0.38950962018074387), np.float64(0.3895094784286194), np.float64(0.38950932831755414), np.float64(0.38950916236402255), np.float64(0.3895090294930393), np.float64(0.38950883023250193), np.float64(0.3895086655494855), np.float64(0.3895085080549023)]",True,OK,0.3895085080549023,0.0,64,0,0,0.0,"[0.7803082444384506, 0.5593940939463392, 0.42953228683989897, 0.7423179732860569, 0.7253592840877681, 0.8583525945558408, 0.7074464544816361, 0.43157613437534537, 0.9558340827686198, 0.725052710559975, 0.5700255904480825, 0.7627739290528938, 0.5261465794934845, 0.5615703067679686, 0.7484114277272923, 0.682628341375349, 0.3674879959382331, 0.6009602685104951, 0.6077477598595973, 0.5222535456751328, 0.8184478331151648, 0.48681676707655797, 0.8276735588779266, 0.9396500626300556, 0.5528085690450207, 0.7358167858543379, 0.7022079510562348, 0.6364009952659553, 0.8196219951644546, 0.546358754288264, 0.6710411412561444, 0.5475105953123357, 0.7004982989898761, 0.49982243737237547, 0.7204493302645173, 0.6431935663623257, 0.40953315909266275, 0.7372512348824367, 0.7409572339877337, 0.42961823179763853, 0.4215057664518806, 0.5364664587494417, 0.8467431804332854, 0.5722566009510707, 0.5172647422867904, 0.620010924818716, 0.8671820024156757, 0.4438533658521363, 0.7674588390227902, 0.4887659015511584, 0.3669546874990232, 0.3525851080988313, 0.8058157707067231, 0.6020802013702548, 0.7927416186335213, 0.8458604447619171, 0.8794473321344829, 0.6253452229190103, 0.9043060867462194, 0.692837832494203, 0.7844365945197349, 0.36017555062499607, 0.4093139398492207, 0.8064580746113736, 0.8423958672409682, 0.5325341063681165, 0.7340862438149542, 0.4357374991829682, 0.7022134272395562, 0.6371703637379734, 0.5467698848924557, 0.5733675546046552, 0.5354270242536792, 0.6639516255587812, 0.6574025693980184, 0.7084979345995549, 0.45063344316488435, 0.7881340181891975, 0.7443290762963298, 0.6168981882498162, 0.6872657521225771, 0.5091199704435224, 0.6433876986606075, 0.39530246544910996, 0.698404616685612, 0.641366375623692, 0.4168048225343653, 0.7838929064406499, 0.7896064328049396, 0.18858732345162554, 0.6291081748041857, 0.5705355759650259, 0.5639750704344728, 0.6864199377506994, 0.659186742931793, 0.692869827407811, 0.7246742655111545, 0.6686699773984962, 0.6878392580724344, 0.7637801636706829, 0.7943737551565423, 0.7616696125679208]",1.638045072555542
S2,PSO,balanced,2,2,50,0.0,1.0,0.0,0.6027323796170915,5000,"[np.float64(1.3377745422253318), np.float64(1.2758344071838612), np.float64(1.2633803249761686), np.float64(1.1834330612482025), np.float64(1.1834330612482025), np.float64(1.0846283105320258), np.float64(1.063741630973683), np.float64(1.003926830419767), np.float64(0.9379816017713174), np.float64(0.930302285837697), np.float64(0.9062871348512117), np.float64(0.8537291746031137), np.float64(0.8434169283991443), np.float64(0.8142917317092055), np.float64(0.8045589225473613), np.float64(0.7891397726833672), np.float64(0.7752844169104212), np.float64(0.760816026289057), np.float64(0.7420495004090462), np.float64(0.7147654457471925), np.float64(0.6989277237764889), np.float64(0.6873415344327055), np.float64(0.676594104978469), np.float64(0.670163218083259), np.float64(0.6607869809804845), np.float64(0.6543592717265809), np.float64(0.6475365188874271), np.float64(0.6430366919354717), np.float64(0.6377650986490779), np.float64(0.6348257680302439), np.float64(0.6315671391390011), np.float64(0.6292092993639424), np.float64(0.6270093738524012), np.float64(0.6251514222389879), np.float64(0.6237131997688204), np.float64(0.62240482892858), np.float64(0.6213650597329488), np.float64(0.6202136645604204), np.float64(0.6193790527639101), np.float64(0.6185218570972668), np.float64(0.6171574492574317), np.float64(0.616503690338128), np.float64(0.6156523242096565), np.float64(0.6148741520939228), np.float64(0.6142805966312591), np.float64(0.6137826108524683), np.float64(0.6132217034950644), np.float64(0.6126979528326139), np.float64(0.612338408471736), np.float64(0.6120280692261555), np.float64(0.6116850231982867), np.float64(0.6113798766956084), np.float64(0.6110803200299326), np.float64(0.6108503939125862), np.float64(0.6105847320716573), np.float64(0.6103131943535665), np.float64(0.6100983081099215), np.float64(0.6098034093110651), np.float64(0.6095884804727437), np.float64(0.6092927199603626), np.float64(0.6090135488890441), np.float64(0.6087388059110346), np.float64(0.6084323486890412), np.float64(0.608086973723782), np.float64(0.6076180797182554), np.float64(0.6072802989602649), np.float64(0.6069200715984026), np.float64(0.6065379270918847), np.float64(0.606276197043178), np.float64(0.6058647348588231), np.float64(0.6055759151888156), np.float64(0.6052720102452509), np.float64(0.6050006379840182), np.float64(0.6046810407750707), np.float64(0.6044627361626336), np.float64(0.6041452341699262), np.float64(0.603917233242395), np.float64(0.6037097246715374), np.float64(0.6035195990356343), np.float64(0.6033695292047894), np.float64(0.6032524370361836), np.float64(0.6031462699121574), np.float64(0.6030522362402292), np.float64(0.6030045133426867), np.float64(0.6029730149529096), np.float64(0.6029417467068118), np.float64(0.602919879745527), np.float64(0.6028915789552486), np.float64(0.602866721627804), np.float64(0.602835733448307), np.float64(0.6028175754282352), np.float64(0.6027969928464966), np.float64(0.6027813263745931), np.float64(0.602769102479216), np.float64(0.6027555642469515), np.float64(0.6027447761599338), np.float64(0.6027386530925422), np.float64(0.6027338845171502), np.float64(0.6027323839064841), np.float64(0.6027323796170915)]",True,OK,0.6027323796170915,0.0,41,0,0,0.0,"[0.7637981656327075, 0.9088342604185525, 0.3174899462043186, 0.8425255921661587, 0.6709094295680667, 0.3943193562398425, 0.45150594432961033, 0.7445968151251072, 0.7480649459413254, 0.46802871297209575, 0.43793348740196153, 0.48165384507107006, 0.6181225079601311, 0.29698977474777066, 0.7648085323513902, 0.7046116175804318, 0.6142242340454892, 0.44442916892622236, 0.45387874184160654, 0.8167387521877729, 0.7194079792340174, 0.9372133625152654, 0.8402069788073432, 0.26389925656646984, 0.9310845214987021, 0.6268031988951505, 0.6470336956754835, 0.793597966480929, 0.6798249491376005, 0.270412405559099, 0.752243533068099, 0.3117227547854328, 0.7236249028142068, 0.7289969972499317, 0.21957789897990077, 0.7081668707419944, 0.6817611412264899, 0.484555913321306, 0.6820170274859509, 0.6587760469633178, 0.39354835626734097, 0.8271903518962963, 0.3599740643007748, 0.5116073996087239, 0.5442065343334974, 0.48752440080303555, 0.6335292666887167, 0.6286454784704285, 0.26178626161402685, 0.6254259478058409, 0.8292783152103572, 0.6339036882286994, 0.3751157640689223, 0.7539783817411905, 0.305232235259795, 0.7127608077531893, 0.786652567932002, 0.4191392475601806, 0.4530524361721153, 0.7759421394351755, 0.7304868306426789, 0.8326723368269122, 0.3345163465865813, 0.3906098419823024, 0.7950479634089818, 0.5933214051209988, 0.7082483683651596, 0.9313239025847729, 0.7657511569554208, 0.5788897867814263, 0.31587663844449926, 0.5514851647198868, 0.8160791952561512, 0.24272451312266013, 0.8067409048684139, 0.7106152686366497, 0.6842093567194959, 0.5759007796570248, 0.46406675012790904, 0.5466950881442747, 0.5087305314490375, 0.5789853169878397, 0.5629165612954696, 0.5263676002421699, 0.8480197705077784, 0.4617788016143868, 0.780344678887957, 0.4688601683170148, 0.5641797490336983, 0.6106201791108204, 0.9144338956295524, 0.5755779425567985, 0.7098751776545137, 0.5551315263974262, 0.7715907158761949, 0.4727168682805699, 0.6854503207648617, 0.21673877503207098, 0.9100253201551095, 0.615585998302174, 0.7642729829275636, 0.7460511626416185]",1.6213088035583496
S2,PSO,balanced,3,3,50,0.0,1.0,0.0,0.40847394295618433,5000,"[np.float64(1.2157203758541564), np.float64(1.2157203758541564), np.float64(1.1888808805765827), np.float64(0.9692497796626971), np.float64(0.799971302619746), np.float64(0.799971302619746), np.float64(0.7197751588358934), np.float64(0.6991931702223522), np.float64(0.6577382773383971), np.float64(0.6320267670239434), np.float64(0.6320267670239434), np.float64(0.6320267670239434), np.float64(0.5972402815880857), np.float64(0.5794355813737739), np.float64(0.5585762980161375), np.float64(0.5472308163223166), np.float64(0.5326048217799179), np.float64(0.5160627954491257), np.float64(0.5078889357177782), np.float64(0.49542484472198733), np.float64(0.4833641201098421), np.float64(0.4757174279965556), np.float64(0.46838077454067084), np.float64(0.46316289112314135), np.float64(0.4570998680974597), np.float64(0.45192755731982603), np.float64(0.44749425875094767), np.float64(0.44137741353610105), np.float64(0.437862648016367), np.float64(0.4342438274839373), np.float64(0.42915225091560516), np.float64(0.42698932118450494), np.float64(0.4245240710668814), np.float64(0.4233411733144559), np.float64(0.421968939796484), np.float64(0.4211881271681267), np.float64(0.4203081982930099), np.float64(0.4194097181199808), np.float64(0.4186095358228633), np.float64(0.4179781793213439), np.float64(0.4175444643316457), np.float64(0.4169983182496022), np.float64(0.41664325567843585), np.float64(0.4163073225751456), np.float64(0.416022738287143), np.float64(0.4157095138512027), np.float64(0.41545418061649403), np.float64(0.41523659556203324), np.float64(0.4150028845036708), np.float64(0.4148379954104434), np.float64(0.4146278269351823), np.float64(0.4143802910249108), np.float64(0.4142493551673013), np.float64(0.41407142838751676), np.float64(0.41397039642823785), np.float64(0.4138385652041982), np.float64(0.4137337776536832), np.float64(0.41365495526176554), np.float64(0.4135674248018161), np.float64(0.41349809162337087), np.float64(0.41342470781882146), np.float64(0.41335227875362124), np.float64(0.4132822457526138), np.float64(0.41321052882524767), np.float64(0.4131348813049401), np.float64(0.41305810650621155), np.float64(0.4130032479627872), np.float64(0.4129512483987413), np.float64(0.41287393901822167), np.float64(0.41280730528295495), np.float64(0.41273179312783637), np.float64(0.41265904427994504), np.float64(0.4125868571041399), np.float64(0.4125091057971588), np.float64(0.41243879494189994), np.float64(0.41236112383238965), np.float64(0.4122833880700507), np.float64(0.4121891183075072), np.float64(0.41210294080092386), np.float64(0.412020707764293), np.float64(0.411942307180506), np.float64(0.41181082956951953), np.float64(0.4116642039199806), np.float64(0.41153001088114166), np.float64(0.41136122351196913), np.float64(0.41120610304279215), np.float64(0.411060684585361), np.float64(0.4109317735825069), np.float64(0.41074425554283966), np.float64(0.41054283592551954), np.float64(0.4103763334970291), np.float64(0.41022669941033285), np.float64(0.41008529902384216), np.float64(0.4098917653178188), np.float64(0.40960719417284647), np.float64(0.4093496576436091), np.float64(0.4090935871609994), np.float64(0.40884712903983056), np.float64(0.4086536749041568), np.float64(0.40847394295618433)]",True,OK,0.40847394295618433,0.0,61,0,0,0.0,"[0.4352792409000604, 0.46915094170178057, 0.5839737378296115, 0.7717005696564663, 0.49145217499305816, 0.6093679008535104, 0.7687770902310749, 0.5113692978286658, 0.4602921395595681, 0.4186183079317903, 0.7594946901350162, 0.4584858706581451, 0.7372090322755808, 0.7302454071126266, 0.5234047776123741, 0.7554716710657434, 0.7314393639049326, 0.37108813268416024, 0.34166262059866964, 0.7422468490115672, 0.6595667092723139, 0.5233996819264303, 0.8883218024273987, 0.4515373092531781, 0.7402023173848868, 0.7474316197761068, 0.6467675654925704, 0.4978167010400572, 0.8517290206661171, 0.3765722756759435, 0.680889251785058, 0.6155526868328622, 0.5116248619961218, 0.751452798733892, 0.5348562159665887, 0.7475214782040415, 0.352099960998746, 0.5577293403398369, 0.8570560301980853, 0.6251932108638555, 0.4512648977107846, 0.7854331514303906, 0.7851368716595515, 0.5797830540614591, 0.6131136511413082, 0.8398980891871807, 0.7646131461077361, 0.5102767597632285, 0.7035483702931793, 0.4691827008274781, 0.8168346134310976, 0.4845496873534577, 0.5365088801816923, 0.7604070323938944, 0.9155016858291922, 0.300847388437057, 0.6642096529636422, 0.6595819469484239, 0.8804481161860255, 0.44283322681472154, 0.689715032573582, 0.4655787744836154, 0.3897423190417411, 0.8064677192957932, 0.7190861640899638, 0.7149524217696954, 0.7957026475132107, 0.747263371291054, 0.6074460449770844, 0.422371222668681, 0.4835154414166494, 0.5352420735222098, 0.6240612929277087, 0.7460203609036741, 0.5203837304026974, 0.6879051896478252, 0.7979610433445271, 0.6223303834048893, 0.7424985739346139, 0.3914359000790807, 0.8257785909296933, 0.7344756533002207, 0.6980414413856543, 0.3442985494140615, 0.3884825385358135, 0.5072317143065354, 0.7081078534891936, 0.5805534939979399, 0.8263959073771254, 0.4715567058860785, 0.8442088450882058, 0.7711402263916911, 0.5853670354312227, 0.4444988516621922, 0.8180900090574537, 0.8610017070178312, 0.5548066830727557, 0.7154643031176036, 0.5046255258142621, 0.6973458820605543, 0.8010549985108822, 0.7459321424028145]",1.6400651931762695
S3,GA,balanced,1,1,100,0.0,1.0,0.0,2.5590665917773183,5000,"[np.float64(4.049183229196197), np.float64(4.036109402274731), np.float64(3.8891839237578525), np.float64(3.490668750680998), np.float64(3.3249339831219737), np.float64(3.3249339831219737), np.float64(3.3249339831219737), np.float64(3.3249339831219737), np.float64(3.3249339831219737), np.float64(3.3249339831219737), np.float64(3.154266665322199), np.float64(3.154266665322199), np.float64(3.154266665322199), np.float64(3.154266665322199), np.float64(3.154266665322199), np.float64(3.154266665322199), np.float64(3.154266665322199), np.float64(3.154266665322199), np.float64(3.154266665322199), np.float64(3.154266665322199), np.float64(3.154266665322199), np.float64(3.154266665322199), np.float64(3.154266665322199), np.float64(3.116765650261572), np.float64(3.116765650261572), np.float64(3.116765650261572), np.float64(3.0941134806982755), np.float64(3.0941134806982755), np.float64(3.0941134806982755), np.float64(3.0941134806982755), np.float64(3.0941134806982755), np.float64(3.0941134806982755), np.float64(3.0686028275812194), np.float64(3.0574443912569125), np.float64(3.0574443912569125), np.float64(3.0574443912569125), np.float64(3.0190669731694606), np.float64(3.0190669731694606), np.float64(2.7057859137489), np.float64(2.7057859137489), np.float64(2.7057859137489), np.float64(2.7057859137489), np.float64(2.7057859137489), np.float64(2.7057859137489), np.float64(2.7057859137489), np.float64(2.7057859137489), np.float64(2.7057859137489), np.float64(2.7057859137489), np.float64(2.7057859137489), np.float64(2.7057859137489), np.float64(2.7057859137489), np.float64(2.7057859137489), np.float64(2.7057859137489), np.float64(2.7057859137489), np.float64(2.7057859137489), np.float64(2.7057859137489), np.float64(2.7057859137489), np.float64(2.7057859137489), np.float64(2.7057859137489), np.float64(2.7057859137489), np.float64(2.7057859137489), np.float64(2.7057859137489), np.float64(2.7057859137489), np.float64(2.7057859137489), np.float64(2.7057859137489), np.float64(2.7057859137489), np.float64(2.7057859137489), np.float64(2.7057859137489), np.float64(2.7057859137489), np.float64(2.7057859137489), np.float64(2.7057859137489), np.float64(2.7057859137489), np.float64(2.7057859137489), np.float64(2.7057859137489), np.float64(2.7057859137489), np.float64(2.7057859137489), np.float64(2.7057859137489), np.float64(2.7057859137489), np.float64(2.7057859137489), np.float64(2.7057859137489), np.float64(2.7057859137489), np.float64(2.7057859137489), np.float64(2.7057859137489), np.float64(2.7057859137489), np.float64(2.7057859137489), np.float64(2.7057859137489), np.float64(2.7057859137489), np.float64(2.6863285374572987), np.float64(2.5590665917773183), np.float64(2.5590665917773183), np.float64(2.5590665917773183), np.float64(2.5590665917773183), np.float64(2.5590665917773183), np.float64(2.5590665917773183), np.float64(2.5590665917773183), np.float64(2.5590665917773183), np.float64(2.5590665917773183), np.float64(2.5590665917773183), np.float64(2.5590665917773183), np.float64(2.5590665917773183)]",True,OK,2.5590665917773183,0.0,19,0,0,0.0,"[0.9996191786310626, 0.9038697187370994, 0.3749735197282409, 0.7534360121336146, 0.7609685747923578, 0.1934921906086654, 0.7033966026402644, 0.4582879274969357, 0.9298369482198017, 0.9467623571671737, 0.7556308193255848, 0.5422161563105142, 0.6840863467248767, 0.993169823488199, 0.4274423143097933, 0.7753531060372899, 0.24596001242324894, 0.8005764057184521, 0.3280832429167777, 0.46818404052135276, 0.9461370641727473, 0.3935767353890819, 0.3150824076701041, 0.9565439218298235, 0.7924434136457574, 0.8390710597332377, 0.25390639859102626, 0.47033784817451973, 0.9651428278754701, 0.5143575829671962, 0.6540747397407198, 0.7374879026698151, 0.6857390801937455, 0.8940948910898089, 0.3610556336946985, 0.27306685241111905, 0.9409400794558951, 0.802059548482781, 0.5802605196988555, 0.20369917236505009, 0.9698814771900467, 0.2551116188534075, 0.6168232932041355, 0.8290678347601527, 0.31340517312615934, 0.8007379441814285, 0.4476815012185118, 0.7970583839530956, 0.35703114503358013, 0.23170522695099827, 0.9336862786005977, 0.07315800367305281, 0.9254322125645027, 0.6744189727782254, 0.7781534182474111, 0.7925391624103526, 0.7869648799668948, 0.259692088962584, 0.7800704240476156, 0.9159561624999546, 0.5134830375448864, 0.7795465816134711, 0.38667204406735833, 0.7542279024197146, 0.8961814578525682, 0.8201123207257992, 0.8556595674589882, 0.5276831168910381, 0.9405839129243866, 0.38290574718436576, 0.9017714137076116, 0.737120846950312, 0.561246489484088, 0.6793754279220018, 0.9891875887404147, 0.46018727641115376, 0.25680429544417416, 0.7894795767917475, 0.30385634176069964, 0.6401100677303215, 0.507887081967972, 0.9993322337351088, 0.4742315040488114, 0.11785283015001236, 0.2996888648251571, 0.2314142800707657, 0.3132281796340387, 0.3747735610782805, 0.9941615766609642, 0.18314275860694618, 0.6352833984597985, 0.21591991282661127, 0.9822550033228461, 0.5655009620714689, 0.9201075761897387, 0.900563069262571, 0.6327396624057283, 0.9073606408021857, 0.31866021799357847, 0.8918286242216177, 0.8002063561324634, 0.7730603323664589, 0.7151460832180123, 0.803716661945284, 0.7062547293755796, 0.7603060188833423, 0.1308055548904662, 0.49875861206952443, 0.21156759140190362, 0.7574249891649644, 0.8487013975779535, 0.8490405909366185, 0.47309341482005574, 0.9452744199406355, 0.34175673699739295, 0.731236966053684, 0.29080917624894387, 0.13623603758604186, 0.4807351482149719, 0.6981112188082208, 0.9708872591350745, 0.8704111327962796, 0.6017112638439157, 0.8793724301152747, 0.4310857034931621, 0.7646007154645591, 0.5161086208741118, 0.8923897891287362, 0.8663683945538606, 0.34707999877572904, 0.9493816850756083, 0.529477934075281, 0.41034086075391396, 0.2974798259479958, 0.8344352173403803, 0.036695573986863295, 0.3488960188838266, 0.9222156463150016, 0.7469938929091531, 0.2377893275537637, 0.815440268068854, 0.2051029441952148, 0.4724555748776488, 0.9812834639985606, 0.20828960259107354, 0.5140375646093159, 0.6469133318781004, 0.35013709171564467, 0.9058572314558955, 0.7099773463234399, 0.5550014204579097, 0.3143636615957377, 0.7154776229981469, 0.8492278784410445, 0.38741297607601666, 0.5918625218991638, 0.19806505600843594, 0.38369250885369266, 0.2538494278767749, 0.5174097892713834, 0.17253953811524125, 0.9658305124111662, 0.5940875669813898, 0.31672640740848834, 0.5386751605925996, 0.4400380907207794, 0.4796050478000685, 0.5403654733656934, 0.7855151635480434, 0.5600057213996845, 0.93542709007614, 0.13234476449263188, 0.5013129295300325, 0.5403469312508121, 0.14756266525544615, 0.29258709034910313, 0.39913279739865815, 0.8735962742192228, 0.1484764777942026, 0.6833239279666005, 0.09759128013446627, 0.6111761177987212, 0.8261933189078042, 0.7920694678450699, 0.9817740607846264, 0.2442173703807755, 0.22883467088930687, 0.8500071618088856, 0.48849823906414935, 0.6376152967989187, 0.7632105398781156, 0.39220703476649155, 0.898522078919509, 0.8743498707417037, 0.6814084403556445, 0.7785331147890427, 0.9367095935122085, 0.41224711926748925, 0.8664365246422564, 0.16555858571955495, 0.6818802753986394, 0.6846295801089584]",2.601231098175049
S3,GA,balanced,2,2,100,0.0,1.0,0.0,2.635795024247539,5000,"[np.float64(4.376763945630913), np.float64(4.376763945630913), np.float64(4.326256648076029), np.float64(4.128993335189259), np.float64(4.020044431177982), np.float64(3.7899576452130805), np.float64(3.7195693509162844), np.float64(3.7195693509162844), np.float64(3.340918282084365), np.float64(3.340918282084365), np.float64(3.340918282084365), np.float64(3.340918282084365), np.float64(3.340918282084365), np.float64(3.340918282084365), np.float64(3.340918282084365), np.float64(3.340918282084365), np.float64(3.340918282084365), np.float64(3.340918282084365), np.float64(3.3307516729027604), np.float64(3.3307516729027604), np.float64(3.157519155922967), np.float64(3.157519155922967), np.float64(3.157519155922967), np.float64(3.157519155922967), np.float64(3.157519155922967), np.float64(3.157519155922967), np.float64(3.041239670072671), np.float64(3.041239670072671), np.float64(3.041239670072671), np.float64(3.038588288211165), np.float64(3.038588288211165), np.float64(3.038588288211165), np.float64(3.038588288211165), np.float64(3.038588288211165), np.float64(3.038588288211165), np.float64(3.038588288211165), np.float64(3.038588288211165), np.float64(3.038588288211165), np.float64(3.038588288211165), np.float64(2.9799783160259112), np.float64(2.9799783160259112), np.float64(2.9799783160259112), np.float64(2.921586272131485), np.float64(2.921586272131485), np.float64(2.8389190933449857), np.float64(2.834340815446682), np.float64(2.834340815446682), np.float64(2.834340815446682), np.float64(2.834340815446682), np.float64(2.834340815446682), np.float64(2.834340815446682), np.float64(2.834340815446682), np.float64(2.834340815446682), np.float64(2.834340815446682), np.float64(2.834340815446682), np.float64(2.834340815446682), np.float64(2.834340815446682), np.float64(2.834340815446682), np.float64(2.834340815446682), np.float64(2.834340815446682), np.float64(2.834340815446682), np.float64(2.834340815446682), np.float64(2.834340815446682), np.float64(2.834340815446682), np.float64(2.834340815446682), np.float64(2.635795024247539), np.float64(2.635795024247539), np.float64(2.635795024247539), np.float64(2.635795024247539), np.float64(2.635795024247539), np.float64(2.635795024247539), np.float64(2.635795024247539), np.float64(2.635795024247539), np.float64(2.635795024247539), np.float64(2.635795024247539), np.float64(2.635795024247539), np.float64(2.635795024247539), np.float64(2.635795024247539), np.float64(2.635795024247539), np.float64(2.635795024247539), np.float64(2.635795024247539), np.float64(2.635795024247539), np.float64(2.635795024247539), np.float64(2.635795024247539), np.float64(2.635795024247539), np.float64(2.635795024247539), np.float64(2.635795024247539), np.float64(2.635795024247539), np.float64(2.635795024247539), np.float64(2.635795024247539), np.float64(2.635795024247539), np.float64(2.635795024247539), np.float64(2.635795024247539), np.float64(2.635795024247539), np.float64(2.635795024247539), np.float64(2.635795024247539), np.float64(2.635795024247539), np.float64(2.635795024247539), np.float64(2.635795024247539), np.float64(2.635795024247539)]",True,OK,2.635795024247539,0.0,18,0,0,0.0,"[0.8636995021050055, 0.8714330729184784, 0.183589493246611, 0.3337109201963617, 0.9920632878909442, 0.3165950092778781, 0.6849225086023952, 0.9157147260433998, 0.8893537433537514, 0.8619547286802715, 0.564666739680249, 0.6057584100034383, 0.42507383662271325, 0.533238550787654, 0.797249555917501, 0.05378601270143735, 0.23170863491632, 0.6470831308050972, 0.28048367806639196, 0.6792608068172444, 0.4460145120929465, 0.47062558041275093, 0.8572737215120101, 0.7275199664724779, 0.9467682031675339, 0.6226590614159478, 0.7413850017769651, 0.38418066884742075, 0.978002344378844, 0.491862028016711, 0.890148217867164, 0.9792731034606649, 0.45338006883798965, 0.5834899078995878, 0.1782309992709199, 0.608344070827309, 0.6841671812936363, 0.4770974452718443, 0.17859765101563074, 0.5273016712982007, 0.9973986331830477, 0.8879932156784253, 0.8376779518527492, 0.8532959517731865, 0.6303635614518904, 0.46542068815615667, 0.8923058126937201, 0.26400841802145225, 0.29109786669824234, 0.8468531652183013, 0.20940786440109915, 0.9791343842319691, 0.35937710427586167, 0.5161377194499983, 0.556389971370581, 0.49559667873346214, 0.31533977106475586, 0.6444460352879443, 0.756905744684883, 0.03323616457964573, 0.45958066727856095, 0.22253995514300473, 0.24299978084884744, 0.8242152875530224, 0.7832797946065411, 0.5658001071509011, 0.5882419404014279, 0.5003077234119666, 0.738614492545151, 0.8182868577025351, 0.3651863535021629, 0.9000523142863921, 0.6187187791112391, 0.4812020930779637, 0.7416825378115547, 0.3702867747379899, 0.6961288486715328, 0.3285479074776727, 0.405594576350629, 0.5260084683511962, 0.5394787793944665, 0.5197212740413122, 0.3942998676582181, 0.42211987029393194, 0.9266196361017779, 0.7133603460544139, 0.9593425433760024, 0.3964551911235321, 0.4173803554017723, 0.5177942169820099, 0.10148422575485161, 0.8413221677814231, 0.6451938670182993, 0.8043880969743552, 0.76752349586858, 0.5647464117120525, 0.9107857663475097, 0.4581537491358463, 0.5090607058529364, 0.4648106901040957, 0.5689748602862607, 0.5826459940768206, 0.16357806710568723, 0.7572845667887974, 0.39576444541479605, 0.6641174524198714, 0.16628394231103127, 0.7541421228081314, 0.5872000133064449, 0.9033768972151902, 0.5186907421569488, 0.81033316415932, 0.3849693675969108, 0.700448113161384, 0.7666706578734243, 0.5892433467756092, 0.782892670651543, 0.6945614276718253, 0.645054054817517, 0.8553589803525863, 0.7826742904131015, 0.8418977574235134, 0.9091244339533332, 0.9105984621238163, 0.3826949416364275, 0.09104742122293374, 0.31230510477389684, 0.7840274406688259, 0.8600866098085004, 0.8619495539628057, 0.09380286284840067, 0.6960120915895954, 0.06325674198015285, 0.3866767306953298, 0.08344813289315856, 0.6311957493151724, 0.6368503009341696, 0.779767012860144, 0.18232838395018036, 0.7706508602515674, 0.8640728408908352, 0.6670315444756716, 0.5773478637857942, 0.02267487271693558, 0.7681588481495255, 0.6481558179754551, 0.2756074360164318, 0.8380250114626794, 0.18636527594656815, 0.6876600151704488, 0.8426188887252659, 0.40530929195326193, 0.48777918495063066, 0.30588569477820327, 0.5711515875413238, 0.9760407711448909, 0.7328944808977603, 0.6503180304256972, 0.8975804360402413, 0.03229926577154263, 0.6951015453824472, 0.5700271253304181, 0.5412344409848355, 0.5532688327074782, 0.21192619357942355, 0.8608162160273467, 0.5000778740856573, 0.16554757582462132, 0.6961136750760348, 0.18501763580767672, 0.7076238303713337, 0.5878191619632, 0.9389304694370314, 0.3376158497891376, 0.7649108803469209, 0.8092624248727471, 0.6523589733398074, 0.05478491158251486, 0.30791464064927454, 0.4393900772277919, 0.473796069743708, 0.6975164233318806, 0.8880800495149527, 0.6102930361818846, 0.41049986627225343, 0.3403118987139778, 0.5465105988213117, 0.24678106603485261, 0.5506289848344201, 0.5740416455970608, 0.7052016940690736, 0.40733569425753235, 0.7398525294411507, 0.6791490848785303, 0.3294401575205391, 0.47596840418056585, 0.3124159485819977, 0.13064917647108265, 0.6566217997019193, 0.7560161702812186, 0.6955734906116439, 0.664766642592658]",2.60634708404541
S3,GA,balanced,3,3,100,0.0,1.0,0.0,2.4475231864892404,5000,"[np.float64(3.8627605138303798), np.float64(3.8314713883974223), np.float64(3.7407557637818387), np.float64(3.7407557637818387), np.float64(3.7407557637818387), np.float64(3.7407557637818387), np.float64(3.7407557637818387), np.float64(3.709829483796949), np.float64(3.709829483796949), np.float64(3.709829483796949), np.float64(3.6820556172174115), np.float64(3.590752381285253), np.float64(3.590752381285253), np.float64(3.4484612410872257), np.float64(3.311320195076318), np.float64(3.311320195076318), np.float64(3.2224629600209393), np.float64(3.023734849011178), np.float64(3.023734849011178), np.float64(3.023734849011178), np.float64(3.023734849011178), np.float64(2.979426391389083), np.float64(2.979426391389083), np.float64(2.979426391389083), np.float64(2.979426391389083), np.float64(2.8467208401764275), np.float64(2.8467208401764275), np.float64(2.659050360101122), np.float64(2.659050360101122), np.float64(2.659050360101122), np.float64(2.659050360101122), np.float64(2.659050360101122), np.float64(2.659050360101122), np.float64(2.659050360101122), np.float64(2.659050360101122), np.float64(2.659050360101122), np.float64(2.659050360101122), np.float64(2.659050360101122), np.float64(2.659050360101122), np.float64(2.659050360101122), np.float64(2.659050360101122), np.float64(2.659050360101122), np.float64(2.659050360101122), np.float64(2.659050360101122), np.float64(2.659050360101122), np.float64(2.659050360101122), np.float64(2.659050360101122), np.float64(2.659050360101122), np.float64(2.659050360101122), np.float64(2.659050360101122), np.float64(2.659050360101122), np.float64(2.659050360101122), np.float64(2.659050360101122), np.float64(2.659050360101122), np.float64(2.659050360101122), np.float64(2.659050360101122), np.float64(2.659050360101122), np.float64(2.659050360101122), np.float64(2.659050360101122), np.float64(2.4475231864892404), np.float64(2.4475231864892404), np.float64(2.4475231864892404), np.float64(2.4475231864892404), np.float64(2.4475231864892404), np.float64(2.4475231864892404), np.float64(2.4475231864892404), np.float64(2.4475231864892404), np.float64(2.4475231864892404), np.float64(2.4475231864892404), np.float64(2.4475231864892404), np.float64(2.4475231864892404), np.float64(2.4475231864892404), np.float64(2.4475231864892404), np.float64(2.4475231864892404), np.float64(2.4475231864892404), np.float64(2.4475231864892404), np.float64(2.4475231864892404), np.float64(2.4475231864892404), np.float64(2.4475231864892404), np.float64(2.4475231864892404), np.float64(2.4475231864892404), np.float64(2.4475231864892404), np.float64(2.4475231864892404), np.float64(2.4475231864892404), np.float64(2.4475231864892404), np.float64(2.4475231864892404), np.float64(2.4475231864892404), np.float64(2.4475231864892404), np.float64(2.4475231864892404), np.float64(2.4475231864892404), np.float64(2.4475231864892404), np.float64(2.4475231864892404), np.float64(2.4475231864892404), np.float64(2.4475231864892404), np.float64(2.4475231864892404), np.float64(2.4475231864892404), np.float64(2.4475231864892404), np.float64(2.4475231864892404), np.float64(2.4475231864892404), np.float64(2.4475231864892404)]",True,OK,2.4475231864892404,0.0,20,0,0,0.0,"[0.21477276708025972, 0.6457781256121811, 0.5494757001010439, 0.7251936886136041, 0.5660755010507746, 0.821704276682666, 0.1637514684881698, 0.5441735815528406, 0.7400627333000899, 0.977053866559868, 0.3156738938266225, 0.23358229306919942, 0.9609324720723165, 0.93567938492413, 0.6210756042175647, 0.7410249539081347, 0.28310147132887054, 0.9398580188909913, 0.27332911352604594, 0.5694458171549683, 0.3914482534362117, 0.339914167332095, 0.3023977631530901, 0.9531854741278665, 0.7743336389772949, 0.2568725093933605, 0.9156752344546921, 0.36165723381865456, 0.49954946709921455, 0.7076960982067698, 0.8831869555742973, 0.6588841509255542, 0.3145895812728726, 0.5133880229618185, 0.5220280613182281, 0.5763117133924845, 0.6140900104975443, 0.6794466389136748, 0.9506099752634382, 0.9836088223591335, 0.35136606476376064, 0.5465139228527354, 0.6412308053680255, 0.06295089555480804, 0.38076477416147636, 0.4769102618088845, 0.3961564083055513, 0.03903321784736424, 0.30521190215671645, 0.9343664914944945, 0.18257299260925253, 0.8053751525208117, 0.9639315624868948, 0.9350920600146005, 0.2577309625287528, 0.9052143649831045, 0.8962632546258085, 0.5506443619085419, 0.33088070889239385, 0.753513931747305, 0.3817547008992318, 0.8594100019418266, 0.3414188470831566, 0.7596619169240912, 0.42717689648943413, 0.9471754883473052, 0.8325520914736947, 0.11433011864789933, 0.6900641690782188, 0.8723783875301239, 0.5493860322316019, 0.4870210814504451, 0.6394488114971676, 0.9009953294798522, 0.3076487761213048, 0.5709607829014794, 0.7412684588793729, 0.39929470905454767, 0.8761761673112783, 0.5044688075301313, 0.24905676503397267, 0.7723759624707734, 0.7555918909631502, 0.7208870723938982, 0.6576761047273663, 0.6025376555767937, 0.5171429390521339, 0.6582004540306193, 0.6070242516071656, 0.9045343445797426, 0.461971934916236, 0.9259724973509572, 0.549493067067204, 0.7262675706041404, 0.44476340679926674, 0.5537423038180977, 0.3210675505175429, 0.38277964372533546, 0.5889176187237587, 0.27699267091712787, 0.36486743105289876, 0.7917494008844567, 0.6247772650118669, 0.9614230598526029, 0.10159872929615588, 0.17608613825782482, 0.9110258615081525, 0.6728819363281873, 0.28773827080611847, 0.2746316483694329, 0.4804383116712565, 0.8062990524338987, 0.5380385911607136, 0.4975536377134304, 0.40316383683262025, 0.2369354379112989, 0.5468779797354228, 0.977829359279142, 0.2125173286441414, 0.8298607831402872, 0.09134012281220827, 0.6413342217072266, 0.15855408700494966, 0.6533543889329562, 0.9701432490115082, 0.5133216134361089, 0.759350620351057, 0.7071355663671027, 0.40605585508033204, 0.6851329100362656, 0.37391066085505253, 0.3429495432315878, 0.9800369285462539, 0.844853406506114, 0.4645058075957408, 0.7684382190329035, 0.9509345615409102, 0.5065170451570759, 0.766590492739242, 0.7936376813399346, 0.45505822957365083, 0.7529293262546222, 0.8588315846052109, 0.2257984126465119, 0.7847484291957172, 0.502309688698839, 0.47668142234154454, 0.4734316031435447, 0.6466387078876448, 0.728296778281437, 0.14719753373779387, 0.5852853102688567, 0.5005902837042818, 0.961039434512718, 0.4256363090297679, 0.09277356693538907, 0.35692012683441166, 0.8495448640023328, 0.9111629249361053, 0.6235316403194171, 0.05043666148987169, 0.6862111818071793, 0.8527293173744953, 0.6813008495428906, 0.32074911455622657, 0.7448071166385436, 0.7048988071140188, 0.6741590103588283, 0.7719513081244654, 0.8083716441588729, 0.7397111044532387, 0.47383188652745567, 0.3673440419062428, 0.3606503287167727, 0.8853775170807299, 0.16838581124222707, 0.6541343437086463, 0.892058948778428, 0.3085936526600226, 0.20999643915464983, 0.8352666292190627, 0.7169016607083145, 0.9525532096565252, 0.5643807204369323, 0.3967763900861283, 0.8797504072226708, 0.4326669520642136, 0.27708150217129224, 0.8119579817931546, 0.11932400434320412, 0.4367401624106344, 0.5511478622154135, 0.6083459639826244, 0.46826208838926386, 0.8608300734419609, 0.2422287431736424, 0.632482273279871, 0.8773828442544847, 0.8826620322930184, 0.4849423127893038, 0.6769400390715665, 0.7103627856971647]",2.621777057647705
S3,PSO,balanced,1,1,100,0.0,1.0,0.0,1.5156226704933202,5000,"[np.float64(3.109778939083488), np.float64(3.109778939083488), np.float64(3.109778939083488), np.float64(3.0411265422380027), np.float64(2.746489215509855), np.float64(2.639645671918766), np.float64(2.397791878977374), np.float64(2.2984131353498816), np.float64(2.245213306464747), np.float64(2.1100124927169666), np.float64(1.9906875356019267), np.float64(1.8442431777623118), np.float64(1.8105463369421557), np.float64(1.8105463369421557), np.float64(1.8105463369421557), np.float64(1.7626226875944728), np.float64(1.7364676360791078), np.float64(1.7364676360791078), np.float64(1.7364676360791078), np.float64(1.724485204896978), np.float64(1.7190940110147803), np.float64(1.6977122396494795), np.float64(1.686802219235962), np.float64(1.674817848514319), np.float64(1.656494367754084), np.float64(1.6439693994772342), np.float64(1.6335136526262675), np.float64(1.622218614144253), np.float64(1.6131340457654284), np.float64(1.6041777088109836), np.float64(1.5952076496119258), np.float64(1.5873250904195046), np.float64(1.5805183588099285), np.float64(1.5741533682627065), np.float64(1.568105868469534), np.float64(1.5642009989410504), np.float64(1.5604904742793977), np.float64(1.557509218589594), np.float64(1.554626497269473), np.float64(1.5524878653065697), np.float64(1.5509336748752838), np.float64(1.5495883944950815), np.float64(1.54818630407413), np.float64(1.54728308735297), np.float64(1.5463483752811829), np.float64(1.5455344598056129), np.float64(1.5448281804633965), np.float64(1.5441614549214708), np.float64(1.5434319080322036), np.float64(1.5428647727674447), np.float64(1.5423042484282592), np.float64(1.5416848517234976), np.float64(1.5411956580096624), np.float64(1.5407354820077397), np.float64(1.5403033684723806), np.float64(1.5398916178500963), np.float64(1.539457513264195), np.float64(1.5390326559245175), np.float64(1.5385787793811083), np.float64(1.5379798535711051), np.float64(1.537393013031334), np.float64(1.536864754207544), np.float64(1.5363602836670447), np.float64(1.5358017160693787), np.float64(1.5353342995049128), np.float64(1.534884325724187), np.float64(1.534372375751473), np.float64(1.5338911838132714), np.float64(1.5334291197547572), np.float64(1.5328149848338564), np.float64(1.5324307006042293), np.float64(1.5320078979703307), np.float64(1.531591769224136), np.float64(1.531160055465729), np.float64(1.530705821187707), np.float64(1.5303297092238284), np.float64(1.5299036912454917), np.float64(1.529496290189912), np.float64(1.529019377767721), np.float64(1.5286121215890416), np.float64(1.528150707944964), np.float64(1.5276151679275611), np.float64(1.5270585727020176), np.float64(1.5265941413760464), np.float64(1.5260703513815217), np.float64(1.5253571632346494), np.float64(1.5247340357097223), np.float64(1.5241256215314007), np.float64(1.5234590699191486), np.float64(1.522728249255704), np.float64(1.5220854660015894), np.float64(1.521376480095574), np.float64(1.5206748716786553), np.float64(1.5199439429533799), np.float64(1.5192252388795526), np.float64(1.5184314755502757), np.float64(1.5178351912379584), np.float64(1.5170689260795118), np.float64(1.516288545977495), np.float64(1.5156226704933202)]",True,OK,1.5156226704933202,0.0,32,0,0,0.0,"[0.21793179757998202, 0.5123402076832153, 0.5645752785172363, 0.2859912716546929, 0.69714056198446, 0.38026115038160535, 0.5429039360871093, 0.9008932538774512, 0.33313760473507315, 0.9004452354369762, 0.6398419914132278, 0.7186200011867977, 0.31082480873938123, 0.5285396859864623, 0.5916620067807706, 0.49441073134077507, 0.766241293338637, 0.556700955088448, 0.46095478429660597, 0.84852870740067, 0.4171146469658804, 0.3797609060148927, 0.7966518760440392, 0.4365055833636555, 0.707115103162971, 0.36912814952057327, 0.6698322331096564, 0.6271557599207027, 0.2607723558913657, 0.8579027295316253, 0.6992248742774668, 0.4348044526377789, 0.29194568917885017, 0.75439252342908, 0.2608408029091404, 0.45762115415993043, 0.47726949591285966, 0.6219068346304653, 0.2785098122944944, 0.21667908427287405, 0.5784434117523986, 0.3144925947666406, 0.7296640109164155, 0.6484617153721227, 0.7081538553907336, 0.34159715638863963, 0.4034975391900415, 0.5190818742449363, 0.45457875349750043, 0.7140451496327853, 0.6864984682520886, 0.94583619793347, 0.7920370073753322, 0.5032426225613397, 0.533538169389209, 0.806486502813314, 0.5039695819462078, 0.5542132298625007, 0.3145595217679556, 0.7424658802356687, 0.9174411236200898, 0.4660583689133029, 0.2574646546454686, 0.7837179565366538, 0.2569776652262135, 0.6729701705023953, 0.4572660190203433, 0.43238184116010375, 0.3559290864716698, 0.5554622290243403, 0.6061579633845586, 0.319015265316363, 0.670486927092485, 0.9305870890706806, 0.32551728953204295, 0.4342137490109735, 0.7079538017604348, 0.3089996610551901, 0.46354464276248813, 0.436499817946803, 0.43387289546816277, 0.7493052503376922, 0.5944006523386848, 0.44876329122620506, 0.6183021820738314, 0.3979890785737994, 0.39156485292083937, 0.8719688571053589, 0.4122227672900604, 0.22175930143484168, 0.8653367173205442, 0.7085677039288374, 0.5706733647170906, 0.8090763179717376, 0.6150546619127769, 0.8869032528427874, 0.7275785331257102, 0.423982935345443, 0.37029782499435754, 0.8227013938749046, 0.7279406045721847, 0.23777131184354844, 0.7455879108285569, 0.5654683246067883, 0.8423906325851307, 0.5535117164177805, 0.6917027741255515, 0.3708146432901349, 0.5396039526515908, 0.3084286301443695, 0.5620978429166207, 0.3801118542962844, 0.7661982459515323, 0.344074350118128, 0.2368106837177976, 0.6156942547105895, 0.3366340733295115, 0.6288764144851554, 0.5446632733016548, 0.5336673922838906, 0.5950092933799664, 0.7193968509284384, 0.5008734766762298, 0.45931739948713696, 0.8919523840826479, 0.7394846236192653, 0.5496039513817155, 0.6443446188976146, 0.7311249309774399, 0.27102850823336216, 0.49394497245016233, 0.5758381653982574, 0.7390270968947553, 0.18051025554491307, 0.4353123936177348, 0.6595701377238523, 0.6589781089988971, 0.31306943762632145, 0.7802577265694306, 0.5818222173493881, 0.5166634860259649, 0.49137067867591017, 0.5823653373682365, 0.45209972531278875, 0.296116995026877, 0.40187704362704174, 0.8205657241547782, 0.8536351627043265, 0.8192711382901354, 0.398325558582906, 0.37646347339916414, 0.6532175250195135, 0.6414850454514535, 0.5858558397859797, 0.7606153028785813, 0.7166433277147614, 0.6326255812356961, 0.3468562202987114, 0.47826657306926007, 0.5527551792681877, 0.8620824731687986, 0.488143682868203, 0.4449423841079183, 0.4124632540962673, 0.5905430366941758, 0.1708864464229412, 0.7482823827454057, 0.33076376161391496, 0.8346406805212124, 0.7873783432802072, 0.7149846921402156, 0.4192490624059998, 0.8771657861952583, 0.5137824362639737, 0.7569004502788058, 0.28278631514229013, 0.7318938918120399, 0.49187254429912036, 0.573250597585874, 0.4924091620834889, 0.5324897183053381, 0.4469691839168591, 0.6497407168091147, 0.7921266610351155, 0.5970993811200153, 0.7789645206462963, 0.7110688646243704, 0.5883647171234004, 0.7839293939289391, 0.5742446698709541, 0.4471234711902234, 0.7740519478012807, 0.4625311496288272, 0.531852170079484, 0.7062488622816913, 0.3152787570168778, 0.353399586767351, 0.5879456640179611, 0.7387253459592265, 0.45395924415150424, 0.7463632031498135, 0.7333980960463495]",2.4763708114624023
S3,PSO,balanced,2,2,100,0.0,1.0,0.0,1.846092795419736,5000,"[np.float64(3.3136658089793602), np.float64(3.079055642609549), np.float64(2.935514918437536), np.float64(2.929144808207864), np.float64(2.929144808207864), np.float64(2.929144808207864), np.float64(2.757918085033122), np.float64(2.612909541778763), np.float64(2.53226393755), np.float64(2.355106212836854), np.float64(2.355106212836854), np.float64(2.355106212836854), np.float64(2.3357985024070618), np.float64(2.3200613816253104), np.float64(2.2738217879131115), np.float64(2.192920954218113), np.float64(2.1819738470920527), np.float64(2.121504975299916), np.float64(2.1179188233659887), np.float64(2.0883031699685706), np.float64(2.0644400870674104), np.float64(2.0508775631798004), np.float64(2.028206682792637), np.float64(2.004273972144926), np.float64(1.996282973144761), np.float64(1.9829756607451658), np.float64(1.96973132066975), np.float64(1.9567794957413684), np.float64(1.94101344597378), np.float64(1.9308623097200937), np.float64(1.9230264577746108), np.float64(1.9163854122141628), np.float64(1.9109513707210568), np.float64(1.9059560007042533), np.float64(1.8976657931629461), np.float64(1.8943838407105895), np.float64(1.8901296439512416), np.float64(1.8866833514496637), np.float64(1.8837804926954838), np.float64(1.8815936378642368), np.float64(1.8786956687560203), np.float64(1.8770016880472675), np.float64(1.8750950139551372), np.float64(1.8734474083875172), np.float64(1.8721075963359861), np.float64(1.8706788254968143), np.float64(1.8693590256221246), np.float64(1.8679758521019836), np.float64(1.8665002259710328), np.float64(1.8655796799830555), np.float64(1.8644391150580408), np.float64(1.8633619620550896), np.float64(1.8622723346581633), np.float64(1.861148111763029), np.float64(1.8599728504697832), np.float64(1.858949116011888), np.float64(1.8579881439651666), np.float64(1.8572654240625632), np.float64(1.8564371165211848), np.float64(1.8558032979482124), np.float64(1.8549309164908303), np.float64(1.8542737950103523), np.float64(1.8535138146568295), np.float64(1.852863962790387), np.float64(1.8521295080822857), np.float64(1.851423425802592), np.float64(1.8508651809680936), np.float64(1.8502229242844788), np.float64(1.8495286868185907), np.float64(1.8489989010384944), np.float64(1.8484745158465425), np.float64(1.8479636808831734), np.float64(1.8475414383851998), np.float64(1.8472121140433972), np.float64(1.846874848509355), np.float64(1.8466540268380325), np.float64(1.8464181291265276), np.float64(1.8462320942835293), np.float64(1.846119658043895), np.float64(1.846105851920707), np.float64(1.846105851920707), np.float64(1.8461052961123472), np.float64(1.8461043928128558), np.float64(1.8461034157621037), np.float64(1.8461025947548826), np.float64(1.846101863315901), np.float64(1.8461011678002002), np.float64(1.8461005126327792), np.float64(1.8461000022813476), np.float64(1.8460994003813425), np.float64(1.8460989102151317), np.float64(1.8460982056350166), np.float64(1.8460976467465606), np.float64(1.846097030660454), np.float64(1.8460964414149996), np.float64(1.8460956967280269), np.float64(1.8460949469298975), np.float64(1.8460943149151445), np.float64(1.846093623446349), np.float64(1.846092795419736)]",True,OK,1.846092795419736,0.0,27,0,0,0.0,"[0.7888633345226218, 0.5684996039979554, 0.7790960902912919, 0.2094066166470527, 0.21020750129895693, 0.763120228499618, 0.8083126500182233, 0.6755081520573746, 0.3394182686720536, 0.37268522089225853, 0.8388666574720991, 0.3197761136957835, 0.8660934550985843, 0.712401076193682, 0.8453693360757012, 0.6308030663251392, 0.8442403135072254, 0.5868693137306699, 0.4125663339237748, 0.9010109960964359, 0.2995697993671789, 0.6198576342547822, 0.7595743115440773, 0.264168193127968, 0.6945181817888403, 0.5120955722469049, 0.34433539260567025, 0.8166303056432335, 0.47445544948931634, 0.3009658289496777, 0.8261637216847044, 0.55380344868129, 0.7776028280453009, 0.6085415762992151, 0.4623553870836184, 0.3560919594299382, 0.5642517559496221, 0.48597354558532124, 0.3970279551859855, 0.6983885208852919, 0.5501045591210476, 0.46793103773438927, 0.754104751751567, 0.4719580750634127, 0.7821094971478108, 0.3595174618486103, 0.513231006808691, 0.5285969264554404, 0.4513034847214459, 0.31614820637771934, 0.3360331874681279, 0.17705508152452615, 0.6799264016540689, 0.47223562011521825, 0.45507492335796146, 0.6688023760166765, 0.6080617584500957, 0.6287674721794825, 0.5291417708843399, 0.586673756405998, 0.7072514658195153, 0.5619836545979956, 0.4671000168469405, 0.53542904994685, 0.5313507713137814, 0.3856110343866889, 0.45943133092578653, 0.6646861199468918, 0.4622662137312906, 0.7841002145205925, 0.54845612172473, 0.39878852691854183, 0.37303864036960266, 0.28218930890996974, 0.7388436098436629, 0.27352354885402713, 0.7027391325778184, 0.3189060346971145, 0.4894818774325763, 0.4006770187702397, 0.5918916550516825, 0.6900496900852235, 0.7644997559840062, 0.34305506875543795, 0.6312891729413225, 0.2924266886488442, 0.4940628013565788, 0.729912089841265, 0.41529266946170146, 0.44993334547875297, 0.27266077918783793, 0.5607176823233287, 0.17568384356217687, 0.5816591368665079, 0.8068343782659506, 0.4348978653130345, 0.3570127578517494, 0.30219373647871495, 0.5683757674126731, 0.7532171132736544, 0.5553474039272207, 0.6936959870819898, 0.3498094047334255, 0.292770675336431, 0.3203186504919, 0.22134620711761316, 0.28278409771681057, 0.7534623126130885, 0.6502668844826859, 0.6265783882030724, 0.51980505786877, 0.8094198671339737, 0.7959562543341138, 0.7114996343415327, 0.29346771412824635, 0.37146222801072376, 0.7545584850273246, 0.8028223096000168, 0.5167922641095017, 0.3934287119679233, 0.7139867797692088, 0.688852843070537, 0.7910399008882485, 0.7102031710985317, 0.6165271778736081, 0.32728688122945054, 0.39116539830085634, 0.2799048324115109, 0.7695670174284023, 0.9210959287793091, 0.3381265011977276, 0.3705521269694186, 0.2489788472696461, 0.7259301392630726, 0.6559569612639553, 0.4147852799684533, 0.4540062925560433, 0.7797706943212945, 0.34710582886709745, 0.7222230261484716, 0.3219844236757021, 0.8667939941086279, 0.765399276059652, 0.8927004489543316, 0.3031485194474409, 0.11486001875140575, 0.6610709235608655, 0.9048926274159674, 0.7389805640594158, 0.501088257686905, 0.5249038205879988, 0.6780986297925269, 0.7789924746308882, 0.2175554342371425, 0.671974598592191, 0.6249047001084228, 0.46308015444176226, 0.680271467458775, 0.39770764580404533, 0.5828794134019633, 0.497633557255644, 0.4975647508595417, 0.6015715780477243, 0.5322365453686206, 0.41597178886562747, 0.5851590454530917, 0.7077691753838689, 0.418632498559143, 0.6540065374573716, 0.22255618707597954, 0.5646627980347406, 0.5129238026556648, 0.47844425758172243, 0.832343681646805, 0.5364056976707768, 0.4534272498977178, 0.8526273153293425, 0.4613634024580184, 0.3772013060830417, 0.8958877340694483, 0.2715613922037328, 0.5050142197377037, 0.30968332224171696, 0.3191075438321577, 0.7580960597426412, 0.41710673898158424, 0.3104200752615677, 0.747872208965984, 0.5609924995519542, 0.39921692064664066, 0.7906479785712357, 0.7175174415402487, 0.7273674897147582, 0.4275051977478944, 0.2990134140823271, 0.5990182448815738, 0.6856693952671898, 0.5373252848680727, 0.5671200211375776, 0.4010351190886243, 0.6998223887224947, 0.7216453129716957]",2.4529218673706055
S3,PSO,balanced,3,3,100,0.0,1.0,0.0,1.5154108641583837,5000,"[np.float64(2.9485959993450868), np.float64(2.863859885812166), np.float64(2.863859885812166), np.float64(2.782141379356209), np.float64(2.50745751671134), np.float64(2.4702019475072716), np.float64(2.4301737085992317), np.float64(2.4100255444875085), np.float64(2.2885991283443827), np.float64(2.197437869816789), np.float64(2.1288796444395226), np.float64(2.0664326848852173), np.float64(1.9955528773598532), np.float64(1.9801058218751528), np.float64(1.924837850424296), np.float64(1.8626756336180015), np.float64(1.8139513814154251), np.float64(1.8139513814154251), np.float64(1.8036506306168922), np.float64(1.7623002460373933), np.float64(1.7344937813711037), np.float64(1.7206994880507005), np.float64(1.7008387582555762), np.float64(1.695062368222183), np.float64(1.6674737289860526), np.float64(1.6406582074414917), np.float64(1.6280689165473317), np.float64(1.612618975961059), np.float64(1.597789421881084), np.float64(1.588861620032064), np.float64(1.5799995372670206), np.float64(1.5738821518016923), np.float64(1.5673777230396135), np.float64(1.5598477219710842), np.float64(1.5549166537480916), np.float64(1.5457578086333514), np.float64(1.5422011056990268), np.float64(1.5402862333604792), np.float64(1.5375161302202818), np.float64(1.5346247925633594), np.float64(1.531728142986588), np.float64(1.529272538169491), np.float64(1.527607692606331), np.float64(1.526007382863559), np.float64(1.5249696789168343), np.float64(1.5233433133283156), np.float64(1.52252736171376), np.float64(1.5219689455049976), np.float64(1.5211478032505235), np.float64(1.5206639008285672), np.float64(1.5202418585589863), np.float64(1.5197483503301794), np.float64(1.5193744407541163), np.float64(1.519062974603247), np.float64(1.5187406564122061), np.float64(1.5184352226351363), np.float64(1.5180587433084036), np.float64(1.5176655436571864), np.float64(1.5174165207701815), np.float64(1.5171879040103158), np.float64(1.5169895301337175), np.float64(1.5168507362791028), np.float64(1.5167103093870757), np.float64(1.5166092327217056), np.float64(1.5165124297898023), np.float64(1.516447787592421), np.float64(1.5164023423844315), np.float64(1.5163663239738643), np.float64(1.516331871109961), np.float64(1.5163037179121686), np.float64(1.5162788338985207), np.float64(1.5162536186964668), np.float64(1.5162287371553838), np.float64(1.5162057438436087), np.float64(1.5161842884253685), np.float64(1.5161642027072046), np.float64(1.516140243261325), np.float64(1.5161230968151422), np.float64(1.5161046084771328), np.float64(1.5160838951783089), np.float64(1.5160571336449786), np.float64(1.5160373653674515), np.float64(1.5160097994616786), np.float64(1.5159934208355397), np.float64(1.5159673054777025), np.float64(1.515943375810651), np.float64(1.5159176964604535), np.float64(1.5158910868490119), np.float64(1.515861099160007), np.float64(1.5158351321655443), np.float64(1.515804475215511), np.float64(1.515772251599722), np.float64(1.5157310897034864), np.float64(1.5156927903164563), np.float64(1.5156524209106514), np.float64(1.5156023837956512), np.float64(1.5155503381398803), np.float64(1.5155047363286247), np.float64(1.5154563337059699), np.float64(1.5154108641583837)]",True,OK,1.5154108641583837,0.0,32,0,0,0.0,"[0.4784808740948701, 0.8114656700525534, 0.7875283854017971, 0.7671974591510433, 0.855241494490328, 0.4924173621193907, 0.5839676064631331, 0.3361412206482012, 0.376258206227148, 0.7250250284112678, 0.4557988912078988, 0.2585334776463869, 0.33236459756317155, 0.608712601540271, 0.5458607457498368, 0.3752101135952584, 0.3529745540427134, 0.8383936740422576, 0.40862574660169393, 0.7455072131417785, 0.6200823730536558, 0.9210554842101668, 0.38169933731918937, 0.42164614438549664, 0.6375225720492239, 0.41716885390371555, 0.49371643744398935, 0.8064361383867387, 0.7204141671965725, 0.2071509984908959, 0.7378043450738726, 0.45194597710507345, 0.3004950455278246, 0.48924081562144883, 0.3665258538570864, 0.6436016211268504, 0.3112248833601318, 0.7259669518524593, 0.7487409381071302, 0.8747184231616579, 0.7477967939308263, 0.6740021016812298, 0.6535495914954541, 0.6921658883656001, 0.6489307121262503, 0.285877297203103, 0.7263591766789304, 0.5585977714841253, 0.7947772989515889, 0.3831985541036997, 0.6403944436318345, 0.4711426665363689, 0.6004740326315372, 0.4460567363109543, 0.5398261024078441, 0.7425316517144146, 0.4722533062300935, 0.6871830144988514, 0.24114832348817894, 0.7619443761261189, 0.5465679046218217, 0.7483881189682996, 0.6946809865309287, 0.507970544706856, 0.6520156365941039, 0.4392343717671993, 0.38974532991748434, 0.8658378786451775, 0.6961970694842115, 0.9416838162642961, 0.5110715435665929, 0.8308544383094055, 0.8355910623382556, 0.5922500601989175, 0.15043395129259474, 0.7700452391779529, 0.8003229667760517, 0.6660854444154509, 0.6479371572512221, 0.5235671022859322, 0.4684913364439617, 0.8172072391608332, 0.5269780808288558, 0.8179843681752114, 0.5602476211964276, 0.47834796222970266, 0.22167183887040795, 0.5870623191185467, 0.6603971829789249, 0.4451281227731751, 0.3021691631621621, 0.5780345075998202, 0.8826911036805192, 0.2435043618376974, 0.41802206043538725, 0.7120028299998082, 0.5807045806301973, 0.8521381838544061, 0.3256443582528239, 0.36506633047620934, 0.6949449402986622, 0.3716198818149615, 0.4721830925350014, 0.6731134195531812, 0.3897213947462369, 0.635426585218345, 0.21929364174527827, 0.5465001771916818, 0.23441204634297674, 0.8518586108038777, 0.3610150380725643, 0.6784135011626902, 0.7040436212040707, 0.5509391720631214, 0.3427245436682976, 0.6640712928909906, 0.7122040732465794, 0.4709705535372809, 0.7389266761054905, 0.3196318690419921, 0.5589108867528787, 0.7159773062258715, 0.5176739687187866, 0.6022801791114776, 0.17957372443278474, 0.402342862964602, 0.628997461761508, 0.8904890940543396, 0.7778717793394769, 0.4645275772393045, 0.7042040956222949, 0.7379634020010011, 0.7193038027239578, 0.2715523829336387, 0.677552257002813, 0.1994770160294387, 0.1933531043129814, 0.7695002595415327, 0.8232662648360243, 0.3041633153713981, 0.479924123285304, 0.6557944459116064, 0.5985923227868886, 0.27718864423256906, 0.7010209951781003, 0.8199867215025963, 0.41911053238701196, 0.6772502677144597, 0.5722856814538191, 0.6520736034935908, 0.2989555953224834, 0.4216524040370283, 0.4547166134702921, 0.43819669286515894, 0.5922130821475003, 0.4445918996263136, 0.7131802349537706, 0.49396048987873264, 0.9205408391618168, 0.6759748664712893, 0.7123949355823445, 0.8213566197351213, 0.9423193354994168, 0.7096155976804492, 0.24705187588773192, 0.7568213851778092, 0.8477032182031816, 0.6447761717760163, 0.8744857036539734, 0.8138634763432184, 0.7520768687848195, 0.38668741633324905, 0.425466569062067, 0.4524832028471221, 0.41172469766684083, 0.7126426767649564, 0.41682248636358094, 0.75142856876571, 0.44897637343638247, 0.7190277887650803, 0.5478929538707733, 0.4325199036572204, 0.38187521983435996, 0.6686532119002643, 0.9054168355594996, 0.8633423169645447, 0.17297655181621238, 0.8144448705577121, 0.742807220877607, 0.39567758355331223, 0.7303661903871862, 0.7171895682660315, 0.7071122412501634, 0.40110742153141826, 0.8462052720472808, 0.3274453709304697, 0.4872520586500465, 0.36845446030658213, 0.49730126149874965, 0.2493962319410788, 0.7346289901373407, 0.7706880103563005]",2.4560182094573975
